-- MySQL dump 10.13  Distrib 8.3.0, for macos14 (arm64)
--
-- Host: 127.0.0.1    Database: teamSparks
-- ------------------------------------------------------
-- Server version	9.2.0

/*!40101 SET @OLD_CHARACTER_SET_CLIENT=@@CHARACTER_SET_CLIENT */;
/*!40101 SET @OLD_CHARACTER_SET_RESULTS=@@CHARACTER_SET_RESULTS */;
/*!40101 SET @OLD_COLLATION_CONNECTION=@@COLLATION_CONNECTION */;
/*!50503 SET NAMES utf8mb4 */;
/*!40103 SET @OLD_TIME_ZONE=@@TIME_ZONE */;
/*!40103 SET TIME_ZONE='+00:00' */;
/*!40014 SET @OLD_UNIQUE_CHECKS=@@UNIQUE_CHECKS, UNIQUE_CHECKS=0 */;
/*!40014 SET @OLD_FOREIGN_KEY_CHECKS=@@FOREIGN_KEY_CHECKS, FOREIGN_KEY_CHECKS=0 */;
/*!40101 SET @OLD_SQL_MODE=@@SQL_MODE, SQL_MODE='NO_AUTO_VALUE_ON_ZERO' */;
/*!40111 SET @OLD_SQL_NOTES=@@SQL_NOTES, SQL_NOTES=0 */;

--
-- Table structure for table `channel`
--

DROP TABLE IF EXISTS `channel`;
/*!40101 SET @saved_cs_client     = @@character_set_client */;
/*!50503 SET character_set_client = utf8mb4 */;
CREATE TABLE `channel` (
  `id` bigint NOT NULL AUTO_INCREMENT,
  `created_at` datetime(6) DEFAULT NULL,
  `is_private` bit(1) DEFAULT NULL,
  `name` varchar(255) DEFAULT NULL,
  `workspace_id` bigint DEFAULT NULL,
  PRIMARY KEY (`id`),
  KEY `FKd2pdpakfq1a3yxdhs11h9jl56` (`workspace_id`),
  CONSTRAINT `FKd2pdpakfq1a3yxdhs11h9jl56` FOREIGN KEY (`workspace_id`) REFERENCES `workspace` (`id`)
) ENGINE=InnoDB AUTO_INCREMENT=60 DEFAULT CHARSET=utf8mb4 COLLATE=utf8mb4_0900_ai_ci;
/*!40101 SET character_set_client = @saved_cs_client */;

--
-- Dumping data for table `channel`
--

LOCK TABLES `channel` WRITE;
/*!40000 ALTER TABLE `channel` DISABLE KEYS */;
INSERT INTO `channel` VALUES (9,'2024-04-28 16:34:51.792000',_binary '\0','Family',3),(10,'2024-04-30 09:14:48.675000',_binary '\0','Family',6),(11,'2024-04-30 09:15:59.945000',_binary '\0','AppWorks School',6),(14,'2024-05-01 12:53:22.725000',_binary '','HelloWorld',6),(22,'2024-05-01 15:39:14.397000',_binary '','withAlice',6),(23,'2024-05-02 08:17:37.178000',_binary '\0','Back-End',11),(24,'2024-05-02 08:18:09.425000',_binary '\0','Front-End',11),(25,'2024-05-02 08:18:46.306000',_binary '\0','Data Engineer',11),(26,'2024-05-02 08:19:09.710000',_binary '\0','iOS',11),(27,'2024-05-02 08:25:27.039000',_binary '\0','Back-End',12),(28,'2024-05-02 08:25:37.031000',_binary '\0','Front-End',12),(29,'2024-05-02 08:25:45.255000',_binary '\0','iOS',12),(30,'2024-05-02 08:44:19.524000',_binary '\0','Data Engineer',12),(31,'2024-05-02 09:00:25.224000',_binary '','withAlice',12),(38,'2024-05-04 14:49:41.636000',_binary '','private',12),(39,'2024-05-04 14:51:17.625000',_binary '','private',12),(42,'2024-05-06 12:45:31.887000',_binary '\0','Data Science',9),(43,'2024-05-06 12:45:45.497000',_binary '\0','Product Management',9),(46,'2024-05-06 12:46:48.486000',_binary '','private',9),(47,'2024-05-06 12:47:04.083000',_binary '','private',9),(48,'2024-05-06 12:59:14.633000',_binary '','private',12),(49,'2024-05-06 13:01:18.711000',_binary '','private',13),(50,'2024-05-06 13:01:50.792000',_binary '','private',13),(51,'2024-05-06 13:02:05.270000',_binary '','private',13),(52,'2024-05-06 13:03:15.510000',_binary '\0','Research & Dev',13),(53,'2024-05-06 13:03:49.001000',_binary '\0','Product & Strategy',13),(54,'2024-05-06 13:04:16.283000',_binary '\0','Marketing',13),(55,'2024-05-06 17:13:48.701000',_binary '','private',9),(57,'2024-05-08 05:48:23.300000',_binary '','private',12);
/*!40000 ALTER TABLE `channel` ENABLE KEYS */;
UNLOCK TABLES;

--
-- Table structure for table `channel_member`
--

DROP TABLE IF EXISTS `channel_member`;
/*!40101 SET @saved_cs_client     = @@character_set_client */;
/*!50503 SET character_set_client = utf8mb4 */;
CREATE TABLE `channel_member` (
  `channel_id` bigint NOT NULL,
  `member_id` bigint NOT NULL,
  `is_creator` bit(1) DEFAULT NULL,
  `joined_at` datetime(6) DEFAULT NULL,
  PRIMARY KEY (`channel_id`,`member_id`),
  KEY `FK9nehlkcfbdbqv09u9qjxabey7` (`member_id`),
  CONSTRAINT `FK9nehlkcfbdbqv09u9qjxabey7` FOREIGN KEY (`member_id`) REFERENCES `workspace_member` (`id`) ON DELETE CASCADE,
  CONSTRAINT `FKc8s8yiekqn7aienyyd4vw87u8` FOREIGN KEY (`channel_id`) REFERENCES `channel` (`id`) ON DELETE CASCADE
) ENGINE=InnoDB DEFAULT CHARSET=utf8mb4 COLLATE=utf8mb4_0900_ai_ci;
/*!40101 SET character_set_client = @saved_cs_client */;

--
-- Dumping data for table `channel_member`
--

LOCK TABLES `channel_member` WRITE;
/*!40000 ALTER TABLE `channel_member` DISABLE KEYS */;
INSERT INTO `channel_member` VALUES (27,16,_binary '','2024-05-02 08:25:27.108000'),(27,18,_binary '\0','2024-05-02 08:56:44.433000'),(27,19,_binary '\0','2024-05-02 08:58:29.696000'),(27,30,_binary '\0','2024-05-06 12:55:41.155000'),(27,31,_binary '\0','2024-05-06 12:55:50.448000'),(27,43,_binary '\0','2024-05-06 19:43:50.575000'),(28,16,_binary '','2024-05-02 08:25:37.075000'),(28,18,_binary '\0','2024-05-02 09:05:44.118000'),(28,19,_binary '\0','2024-05-04 17:53:48.345000'),(28,32,_binary '\0','2024-05-06 12:56:21.756000'),(28,33,_binary '\0','2024-05-06 12:56:27.168000'),(29,16,_binary '','2024-05-02 08:25:45.306000'),(29,18,_binary '\0','2024-05-04 17:38:00.731000'),(29,19,_binary '\0','2024-05-02 09:06:01.733000'),(29,35,_binary '\0','2024-05-06 12:56:50.641000'),(29,36,_binary '\0','2024-05-06 12:56:56.947000'),(30,16,_binary '','2024-05-02 08:44:19.594000'),(30,19,_binary '\0','2024-05-04 17:41:37.576000'),(30,31,_binary '\0','2024-05-06 17:06:43.452000'),(30,34,_binary '\0','2024-05-06 12:57:15.306000'),(31,16,_binary '','2024-05-02 09:00:25.290000'),(31,18,_binary '\0','2024-05-02 09:00:52.715000'),(38,18,_binary '\0','2024-05-04 14:49:42.672000'),(38,19,_binary '','2024-05-04 14:49:41.721000'),(39,16,_binary '\0','2024-05-04 14:51:18.483000'),(39,19,_binary '','2024-05-04 14:51:17.685000'),(42,12,_binary '','2024-05-06 12:45:31.936000'),(42,23,_binary '\0','2024-05-06 12:50:56.051000'),(42,25,_binary '\0','2024-05-06 12:51:08.368000'),(43,12,_binary '','2024-05-06 12:45:45.554000'),(43,22,_binary '\0','2024-05-06 17:22:18.108000'),(43,26,_binary '\0','2024-05-06 12:51:26.916000'),(43,42,_binary '\0','2024-05-06 12:51:33.176000'),(46,12,_binary '','2024-05-06 12:46:48.550000'),(46,22,_binary '\0','2024-05-06 12:46:49.327000'),(47,12,_binary '','2024-05-06 12:47:04.140000'),(47,42,_binary '\0','2024-05-06 12:47:05.151000'),(48,16,_binary '','2024-05-06 12:59:14.683000'),(48,31,_binary '\0','2024-05-06 12:59:15.439000'),(49,20,_binary '','2024-05-06 13:01:18.794000'),(49,39,_binary '\0','2024-05-06 13:01:19.652000'),(50,20,_binary '','2024-05-06 13:01:50.859000'),(50,38,_binary '\0','2024-05-06 13:01:51.667000'),(51,20,_binary '','2024-05-06 13:02:05.314000'),(51,41,_binary '\0','2024-05-06 13:02:06.083000'),(52,20,_binary '','2024-05-06 13:03:15.558000'),(52,38,_binary '\0','2024-05-06 17:14:50.104000'),(52,39,_binary '\0','2024-05-06 17:14:54.537000'),(52,40,_binary '\0','2024-05-06 17:14:58.622000'),(53,20,_binary '','2024-05-06 13:03:49.067000'),(54,20,_binary '','2024-05-06 13:04:16.342000'),(55,26,_binary '\0','2024-05-06 17:13:49.512000'),(55,42,_binary '','2024-05-06 17:13:48.757000');
/*!40000 ALTER TABLE `channel_member` ENABLE KEYS */;
UNLOCK TABLES;

--
-- Table structure for table `event`
--

DROP TABLE IF EXISTS `event`;
/*!40101 SET @saved_cs_client     = @@character_set_client */;
/*!50503 SET character_set_client = utf8mb4 */;
CREATE TABLE `event` (
  `id` bigint NOT NULL AUTO_INCREMENT,
  `created_at` datetime(6) DEFAULT NULL,
  `end_time` datetime(6) DEFAULT NULL,
  `start_time` datetime(6) DEFAULT NULL,
  `title` varchar(255) DEFAULT NULL,
  `creator_id` bigint DEFAULT NULL,
  PRIMARY KEY (`id`),
  KEY `FKfnvc9jgli0tyfktl08q7h5rgd` (`creator_id`),
  CONSTRAINT `FKfnvc9jgli0tyfktl08q7h5rgd` FOREIGN KEY (`creator_id`) REFERENCES `user` (`id`)
) ENGINE=InnoDB DEFAULT CHARSET=utf8mb4 COLLATE=utf8mb4_0900_ai_ci;
/*!40101 SET character_set_client = @saved_cs_client */;

--
-- Dumping data for table `event`
--

LOCK TABLES `event` WRITE;
/*!40000 ALTER TABLE `event` DISABLE KEYS */;
/*!40000 ALTER TABLE `event` ENABLE KEYS */;
UNLOCK TABLES;

--
-- Table structure for table `event_participant`
--

DROP TABLE IF EXISTS `event_participant`;
/*!40101 SET @saved_cs_client     = @@character_set_client */;
/*!50503 SET character_set_client = utf8mb4 */;
CREATE TABLE `event_participant` (
  `event_id` bigint NOT NULL,
  `user_id` bigint NOT NULL,
  PRIMARY KEY (`event_id`,`user_id`),
  KEY `FKhwcglexuoexhrbe9728pn6jqb` (`user_id`),
  CONSTRAINT `FK5hxneasi6gucfdlc8690c1ngc` FOREIGN KEY (`event_id`) REFERENCES `event` (`id`),
  CONSTRAINT `FKhwcglexuoexhrbe9728pn6jqb` FOREIGN KEY (`user_id`) REFERENCES `user` (`id`)
) ENGINE=InnoDB DEFAULT CHARSET=utf8mb4 COLLATE=utf8mb4_0900_ai_ci;
/*!40101 SET character_set_client = @saved_cs_client */;

--
-- Dumping data for table `event_participant`
--

LOCK TABLES `event_participant` WRITE;
/*!40000 ALTER TABLE `event_participant` DISABLE KEYS */;
/*!40000 ALTER TABLE `event_participant` ENABLE KEYS */;
UNLOCK TABLES;

--
-- Table structure for table `label`
--

DROP TABLE IF EXISTS `label`;
/*!40101 SET @saved_cs_client     = @@character_set_client */;
/*!50503 SET character_set_client = utf8mb4 */;
CREATE TABLE `label` (
  `id` bigint NOT NULL AUTO_INCREMENT,
  `name` varchar(255) DEFAULT NULL,
  `creator_id` bigint DEFAULT NULL,
  PRIMARY KEY (`id`),
  KEY `FKh7vtj9ifkrynj4292m3kc5a6q` (`creator_id`),
  CONSTRAINT `FKh7vtj9ifkrynj4292m3kc5a6q` FOREIGN KEY (`creator_id`) REFERENCES `workspace_member` (`id`)
) ENGINE=InnoDB DEFAULT CHARSET=utf8mb4 COLLATE=utf8mb4_0900_ai_ci;
/*!40101 SET character_set_client = @saved_cs_client */;

--
-- Dumping data for table `label`
--

LOCK TABLES `label` WRITE;
/*!40000 ALTER TABLE `label` DISABLE KEYS */;
/*!40000 ALTER TABLE `label` ENABLE KEYS */;
UNLOCK TABLES;

--
-- Table structure for table `label_message`
--

DROP TABLE IF EXISTS `label_message`;
/*!40101 SET @saved_cs_client     = @@character_set_client */;
/*!50503 SET character_set_client = utf8mb4 */;
CREATE TABLE `label_message` (
  `label_id` bigint NOT NULL,
  `message_id` bigint NOT NULL,
  `message_index_name` varchar(255) NOT NULL,
  PRIMARY KEY (`label_id`,`message_id`,`message_index_name`),
  CONSTRAINT `FKbeolif1icq7bj5n35xoeom8fc` FOREIGN KEY (`label_id`) REFERENCES `label` (`id`)
) ENGINE=InnoDB DEFAULT CHARSET=utf8mb4 COLLATE=utf8mb4_0900_ai_ci;
/*!40101 SET character_set_client = @saved_cs_client */;

--
-- Dumping data for table `label_message`
--

LOCK TABLES `label_message` WRITE;
/*!40000 ALTER TABLE `label_message` DISABLE KEYS */;
/*!40000 ALTER TABLE `label_message` ENABLE KEYS */;
UNLOCK TABLES;

--
-- Table structure for table `member_role`
--

DROP TABLE IF EXISTS `member_role`;
/*!40101 SET @saved_cs_client     = @@character_set_client */;
/*!50503 SET character_set_client = utf8mb4 */;
CREATE TABLE `member_role` (
  `role_id` bigint NOT NULL,
  `member_id` bigint NOT NULL,
  PRIMARY KEY (`role_id`,`member_id`),
  KEY `FK9t86wmjhse06jfjv6u4hf76ds` (`member_id`),
  CONSTRAINT `FK9t86wmjhse06jfjv6u4hf76ds` FOREIGN KEY (`member_id`) REFERENCES `workspace_member` (`id`),
  CONSTRAINT `FKdiix07v86r3ntrbs3l02qr7y0` FOREIGN KEY (`role_id`) REFERENCES `role` (`id`)
) ENGINE=InnoDB DEFAULT CHARSET=utf8mb4 COLLATE=utf8mb4_0900_ai_ci;
/*!40101 SET character_set_client = @saved_cs_client */;

--
-- Dumping data for table `member_role`
--

LOCK TABLES `member_role` WRITE;
/*!40000 ALTER TABLE `member_role` DISABLE KEYS */;
/*!40000 ALTER TABLE `member_role` ENABLE KEYS */;
UNLOCK TABLES;

--
-- Table structure for table `role`
--

DROP TABLE IF EXISTS `role`;
/*!40101 SET @saved_cs_client     = @@character_set_client */;
/*!50503 SET character_set_client = utf8mb4 */;
CREATE TABLE `role` (
  `id` bigint NOT NULL AUTO_INCREMENT,
  `group_by_role` bit(1) DEFAULT NULL,
  `name` varchar(255) DEFAULT NULL,
  `workspace_id` bigint DEFAULT NULL,
  PRIMARY KEY (`id`),
  KEY `FKt81i4y3l1nnotkkr7rln7bstv` (`workspace_id`),
  CONSTRAINT `FKt81i4y3l1nnotkkr7rln7bstv` FOREIGN KEY (`workspace_id`) REFERENCES `workspace` (`id`)
) ENGINE=InnoDB DEFAULT CHARSET=utf8mb4 COLLATE=utf8mb4_0900_ai_ci;
/*!40101 SET character_set_client = @saved_cs_client */;

--
-- Dumping data for table `role`
--

LOCK TABLES `role` WRITE;
/*!40000 ALTER TABLE `role` DISABLE KEYS */;
/*!40000 ALTER TABLE `role` ENABLE KEYS */;
UNLOCK TABLES;

--
-- Table structure for table `user`
--

DROP TABLE IF EXISTS `user`;
/*!40101 SET @saved_cs_client     = @@character_set_client */;
/*!50503 SET character_set_client = utf8mb4 */;
CREATE TABLE `user` (
  `id` bigint NOT NULL AUTO_INCREMENT,
  `avatar` varchar(255) DEFAULT NULL,
  `email` varchar(255) NOT NULL,
  `name` varchar(127) NOT NULL,
  `password` varchar(255) DEFAULT NULL,
  `status` enum('ONLINE','OFFLINE','DND','INVISIBLE') DEFAULT NULL,
  PRIMARY KEY (`id`),
  UNIQUE KEY `UK_ob8kqyqqgmefl0aco34akdtpe` (`email`)
) ENGINE=InnoDB AUTO_INCREMENT=50 DEFAULT CHARSET=utf8mb4 COLLATE=utf8mb4_0900_ai_ci;
/*!40101 SET character_set_client = @saved_cs_client */;

--
-- Dumping data for table `user`
--

LOCK TABLES `user` WRITE;
/*!40000 ALTER TABLE `user` DISABLE KEYS */;
INSERT INTO `user` VALUES (2,'/img/avatar/userAvatar-6303800839868657413.jpg','zack@gmail.com','Zack Chiang','$2a$10$gu3YXOcWMhWHN9aiqNu7huMQM9ulCEZU.4i0PHG4AvtHMaQeWXTj.',NULL),(3,'/img/avatar/userAvatar-5265498375455465293.jpg','john@gmail.com','John Barker','$2a$10$Al6gBdMaKz3L8cH092tjHe5Sx3SsPVRENBhkmxb24XDnS4ouXL2RO',NULL),(4,'/img/avatar/userAvatar-4791412374790159758.jpg','alice@gmail.com','Alice Doe','$2a$10$NZ2fiE1OKpOAlODpmWcm5efOV3Gv/G.w1NRbT8I9OpBEiPSj8UfCa',NULL),(5,'/img/avatar/userAvatar-5970089899955583758.jpg','bob12345@gmail.com','Bob Aaron','$2a$10$FWoegrjGh3a/bgbUEpUtSOvv5hmTQEQsbYXaHKu.SzXc5qS7O1.bW',NULL),(26,'/img/avatar/userAvatar-7770730816820045559.jpg','john.smith@example.com','John Smith','$2a$10$sa9s9/A.JuA0BYw/Z8aJ9umehA3iLDMlyazeucrwBacEoF9E69yKG',NULL),(27,'/img/avatar/userAvatar-5110876255024176832.jpg','emily.johnson@example.com','Emily Johnson','$2a$10$OO9oR4dEmigEwNEJQDyqL.noEYMKoakijaXelwYBd1PflxQfLSDri',NULL),(28,'/img/avatar/userAvatar-8464320910253861026.jpg','michael.davis@example.com','Michael Davis','$2a$10$ybCXGxPwNCkIk/9eDTXzce65qFQyTX8hTZJhfUM8ZgH7niWS2m9xK',NULL),(29,'/img/avatar/userAvatar-4741505084699857437.jpg','sarah.lee@example.com','Sarah Lee','$2a$10$Wi4WNkClL1Q6xkulvNRxK.TrX401BqsE5H1g0V8ISjPhWnI6Y2M1W',NULL),(30,'/img/avatar/userAvatar-6533014749653359613.jpg','david.brown@example.com','David Brown','$2a$10$9gSQhZih.BG/snQoGliwS.0D9zo2p.8p26gOMAG/7S6tNUZvt6duK',NULL),(31,'/img/avatar/userAvatar-7600151967262987744.jpg','jessica.miller@example.com','Jessica Miller','$2a$10$CVqC6dJZeeSr/UMAg13aeeCOyJIvaxgGtwTgcfZAvt.F7za/x5joi',NULL),(32,'/img/avatar/userAvatar-4931270734066675703.jpg','jason.wilson@example.com','Jason Wilson','$2a$10$G3fejNhS8hFS94CcLgcoeOvT/12a/I6/Ny1ahtDn4yQOBlVhC4/xe',NULL),(33,'/img/avatar/userAvatar-8738189148418900257.jpg','olivia.taylor@example.com','Olivia Taylor','$2a$10$Cd8us8Gh1yQfESLsFPpaOef1JS6oo7/8CqIhMe5UZwDQbunxMlvzC',NULL),(34,'/img/avatar/userAvatar-6208781797930427168.jpg','william.clark@example.com','Cindy Clark','$2a$10$FKALlBeWhlRbaClK/8wvzOjMLtQcmGWxoaQ8sxim6WfjmUcoOXANO',NULL),(35,'/img/avatar/userAvatar-4705572546871529402.jpg','jennifer.martinez@example.com','Jennifer Martinez','$2a$10$sTDkpMHM1qAY3m/MNFCWY.kBUpFBIkihL0VMpKfrVCMQI24B6rXRy',NULL),(36,'/img/avatar/userAvatar-8872716253792745524.jpg','daniel.wilson@example.com','Daniel Wilson','$2a$10$dxB2TeAhkDvVOHxwDpveRuL/39BB8KSfAcfXuBeoXCJiQBdw9h6De',NULL),(37,'/img/avatar/userAvatar-6017342801287268406.jpg','christopher.clark@example.com','Christopher Clark','$2a$10$ePYXXw8/sOdR8jCJQHMB4Og3iP8yL6MWxHGpEf5.8bjPGYN5I61aG',NULL),(38,'/img/avatar/userAvatar-4994416815541048174.jpg','ethan.thompson@example.com','Ethan Thompson','$2a$10$FZGFRvxyyKu6c4CjNHlJx.XQXgw6T9a2gYR9G9fnK09p.NLm54hxe',NULL),(39,'/img/avatar/userAvatar-5017378176122801234.jpg','lily.garcia@example.com','Lily Garcia','$2a$10$9deAl5jFZbjgw0uYE4rUkOAph4niPBz6cbTfwnGEebIJB71HwhUT6',NULL),(40,'/img/avatar/userAvatar-9186152545566164299.jpg','noah.hernandez@example.com','Noah Hernandez','$2a$10$cFKjs.3Eu0.WoTMQel/sP.ELgWx5FR5px5aPn1DsyxGL3j3c/YBSy',NULL),(41,'/img/avatar/userAvatar-6160240007585384941.jpg','jessica.anderson@example.com','Jessica Anderson','$2a$10$2sdZVWpFlAu7j7rXfFpQzeXYLrxj3.04QOwzB4Aqq.23JUgP8wWV.',NULL),(42,'/img/avatar/userAvatar-6117057580180717591.jpg','matthew.white@example.com','Matthew White','$2a$10$w.Oj43GGXjIsxAbPzLR6semPWvkniEC5.O3sw1RW2HameVZy7TM0C',NULL),(43,'/img/avatar/userAvatar-8699987974467938126.jpg','samantha.thomas@example.com','Samantha Thomas','$2a$10$.LmptBqLFmqK0183GTuYN.T2ZQiZjDqupXxzPbqawF9a0wBLd6nWu',NULL),(44,'/img/avatar/userAvatar-5035239854362610952.jpg','benjamin.harris@example.com','Benjamin Harris','$2a$10$9Cv4nS8.BhzSlCgS92jvcuS8RMm.0RTdStmne2HH7EUB6L1y7xjGq',NULL),(45,'/img/avatar/userAvatar-7370196718473845538.jpg','grace.martinez@example.com','Grace Martinez','$2a$10$GV7ACLXOAZiEWX75xEXT4OInjBL45TmmHsS6smst4fbiMjMv5azb.',NULL),(46,'default_user_avatar.jpg','chou@gmail.com','周周','$2a$10$iAE/gq7ERvJPQ.tGncoxFeSKEWE6gGJxPtb6hnj79XTelVOQCgv6u',NULL);
/*!40000 ALTER TABLE `user` ENABLE KEYS */;
UNLOCK TABLES;

--
-- Table structure for table `user_notification`
--

DROP TABLE IF EXISTS `user_notification`;
/*!40101 SET @saved_cs_client     = @@character_set_client */;
/*!50503 SET character_set_client = utf8mb4 */;
CREATE TABLE `user_notification` (
  `id` bigint NOT NULL AUTO_INCREMENT,
  `channel_id` bigint DEFAULT NULL,
  `is_seen` bit(1) DEFAULT NULL,
  `message_id` varchar(255) DEFAULT NULL,
  `type` tinyint DEFAULT NULL,
  `user_id` bigint DEFAULT NULL,
  `message_document_id` varchar(255) DEFAULT NULL,
  `message_index_name` varchar(255) DEFAULT NULL,
  PRIMARY KEY (`id`),
  KEY `FKnbuq84cli119n9cdakdw0kv5v` (`user_id`),
  CONSTRAINT `FKnbuq84cli119n9cdakdw0kv5v` FOREIGN KEY (`user_id`) REFERENCES `user` (`id`),
  CONSTRAINT `user_notification_chk_1` CHECK ((`type` between 0 and 4))
) ENGINE=InnoDB AUTO_INCREMENT=1272 DEFAULT CHARSET=utf8mb4 COLLATE=utf8mb4_0900_ai_ci;
/*!40101 SET character_set_client = @saved_cs_client */;

--
-- Dumping data for table `user_notification`
--

LOCK TABLES `user_notification` WRITE;
/*!40000 ALTER TABLE `user_notification` DISABLE KEYS */;
INSERT INTO `user_notification` VALUES (2,5,_binary '\0',NULL,1,2,'XM4BGY8ByFRJ_Gd13abx','channel-5'),(4,5,_binary '\0',NULL,1,2,'Xc4CGY8ByFRJ_Gd1eKaB','channel-5'),(6,5,_binary '\0',NULL,1,2,'Xs5kGY8ByFRJ_Gd1y6Z1','channel-5'),(8,5,_binary '\0',NULL,1,2,'X85qGY8ByFRJ_Gd1CaZ1','channel-5'),(20,5,_binary '\0',NULL,1,2,'Zs5qGY8ByFRJ_Gd1i6a5','channel-5'),(22,5,_binary '\0',NULL,1,2,'YM5qGY8ByFRJ_Gd1i6ai','channel-5'),(23,5,_binary '\0',NULL,1,2,'Zc5qGY8ByFRJ_Gd1i6aw','channel-5'),(24,5,_binary '\0',NULL,1,2,'ZM5qGY8ByFRJ_Gd1i6av','channel-5'),(25,5,_binary '\0',NULL,1,2,'a85qGY8ByFRJ_Gd1i6a7','channel-5'),(26,5,_binary '\0',NULL,1,2,'Y85qGY8ByFRJ_Gd1i6ai','channel-5'),(27,5,_binary '\0',NULL,1,2,'Ys5qGY8ByFRJ_Gd1i6ai','channel-5'),(28,5,_binary '\0',NULL,1,2,'as5qGY8ByFRJ_Gd1i6a7','channel-5'),(29,5,_binary '\0',NULL,1,2,'aM5qGY8ByFRJ_Gd1i6a6','channel-5'),(30,5,_binary '\0',NULL,1,2,'ac5qGY8ByFRJ_Gd1i6a6','channel-5'),(31,5,_binary '\0',NULL,1,2,'Yc5qGY8ByFRJ_Gd1i6ai','channel-5'),(32,5,_binary '\0',NULL,1,2,'Z85qGY8ByFRJ_Gd1i6a6','channel-5'),(34,5,_binary '\0',NULL,1,2,'bM5qGY8ByFRJ_Gd1xKYt','channel-5'),(36,5,_binary '\0',NULL,1,2,'bc5rGY8ByFRJ_Gd1Xaa6','channel-5'),(38,5,_binary '\0',NULL,1,2,'bs5zGY8ByFRJ_Gd1jqah','channel-5'),(40,5,_binary '\0',NULL,1,2,'b850GY8ByFRJ_Gd1a6aF','channel-5'),(42,5,_binary '\0',NULL,1,2,'cM54GY8ByFRJ_Gd1B6Y1','channel-5'),(44,5,_binary '\0',NULL,1,2,'cc54GY8ByFRJ_Gd1dKaA','channel-5'),(46,5,_binary '\0',NULL,1,2,'cs54GY8ByFRJ_Gd1xKbj','channel-5'),(48,5,_binary '\0',NULL,1,2,'c855GY8ByFRJ_Gd1BabK','channel-5'),(50,5,_binary '\0',NULL,1,2,'dM6JGY8ByFRJ_Gd1ZKaL','channel-5'),(52,5,_binary '\0',NULL,1,2,'dc6KGY8ByFRJ_Gd1XKb3','channel-5'),(54,5,_binary '\0',NULL,1,2,'ds6KGY8ByFRJ_Gd1k6b6','channel-5'),(56,6,_binary '\0',NULL,1,2,'d87TGY8ByFRJ_Gd19qad','channel-6'),(64,9,_binary '\0',NULL,1,2,'RvTpI48Bqh496SUPC48W','channel-9'),(65,9,_binary '\0',NULL,1,2,'RfTpI48Bqh496SUPC48K','channel-9'),(66,9,_binary '\0',NULL,1,2,'R_TpI48Bqh496SUPC48Y','channel-9'),(67,9,_binary '\0',NULL,1,2,'RPTpI48Bqh496SUPC48K','channel-9'),(68,9,_binary '\0',NULL,1,2,'QfTpI48Bqh496SUPCo_6','channel-9'),(69,9,_binary '\0',NULL,1,2,'Q_TpI48Bqh496SUPC48B','channel-9'),(70,9,_binary '\0',NULL,1,2,'QvTpI48Bqh496SUPC48A','channel-9'),(78,9,_binary '\0',NULL,1,2,'SPTpI48Bqh496SUPVo9N','channel-9'),(79,9,_binary '\0',NULL,1,2,'SfTpI48Bqh496SUPVo9T','channel-9'),(80,9,_binary '\0',NULL,1,2,'S_TpI48Bqh496SUPVo9r','channel-9'),(81,9,_binary '\0',NULL,1,2,'TfTpI48Bqh496SUPVo9x','channel-9'),(82,9,_binary '\0',NULL,1,2,'TPTpI48Bqh496SUPVo9s','channel-9'),(83,9,_binary '\0',NULL,1,2,'SvTpI48Bqh496SUPVo9l','channel-9'),(84,9,_binary '\0',NULL,1,2,'TvTpI48Bqh496SUPVo90','channel-9'),(86,9,_binary '\0',NULL,1,2,'T_QGJI8Bqh496SUPxo-v','channel-9'),(88,9,_binary '\0',NULL,1,2,'UPQGJI8Bqh496SUP-I9W','channel-9'),(90,9,_binary '\0',NULL,1,2,'UfQRJI8Bqh496SUPkI8o','channel-9'),(92,9,_binary '\0',NULL,1,2,'UvRzKY8Bqh496SUPjo8i','channel-9'),(94,9,_binary '\0',NULL,1,2,'U_Q3Ko8Bqh496SUP3o_5','channel-9'),(95,11,_binary '\0',NULL,1,2,'VPSULI8Bqh496SUPCI_z','channel-11'),(96,11,_binary '\0',NULL,1,3,'VPSULI8Bqh496SUPCI_z','channel-11'),(97,11,_binary '\0',NULL,1,2,'VfSkLI8Bqh496SUPmY9T','channel-11'),(98,11,_binary '\0',NULL,1,3,'VfSkLI8Bqh496SUPmY9T','channel-11'),(99,11,_binary '\0',NULL,1,2,'VvSpLI8Bqh496SUPSI_Q','channel-11'),(100,11,_binary '\0',NULL,1,3,'VvSpLI8Bqh496SUPSI_Q','channel-11'),(101,11,_binary '\0',NULL,1,2,'V_SpLI8Bqh496SUPbI8D','channel-11'),(102,11,_binary '\0',NULL,1,3,'V_SpLI8Bqh496SUPbI8D','channel-11'),(103,11,_binary '\0',NULL,1,2,'WPSxLI8Bqh496SUPHI9M','channel-11'),(104,11,_binary '\0',NULL,1,3,'WPSxLI8Bqh496SUPHI9M','channel-11'),(105,11,_binary '\0',NULL,1,2,'WfSyLI8Bqh496SUP2o8X','channel-11'),(106,11,_binary '\0',NULL,1,3,'WfSyLI8Bqh496SUP2o8X','channel-11'),(107,11,_binary '\0',NULL,1,2,'WvS2LI8Bqh496SUPeI-p','channel-11'),(108,11,_binary '\0',NULL,1,3,'WvS2LI8Bqh496SUPeI-p','channel-11'),(109,11,_binary '\0',NULL,1,2,'W_S2LI8Bqh496SUPpo_k','channel-11'),(110,11,_binary '\0',NULL,1,3,'W_S2LI8Bqh496SUPpo_k','channel-11'),(111,11,_binary '\0',NULL,1,2,'XPS2LI8Bqh496SUP4o-u','channel-11'),(112,11,_binary '\0',NULL,1,3,'XPS2LI8Bqh496SUP4o-u','channel-11'),(113,10,_binary '\0',NULL,1,3,'XfQwL48Bqh496SUPOI_8','channel-10'),(114,20,_binary '\0',NULL,1,3,'XvSVMo8Bqh496SUPNI8m','channel-20'),(115,11,_binary '\0',NULL,1,3,'X_SdMo8Bqh496SUPP48D','channel-11'),(116,11,_binary '\0',NULL,1,2,'X_SdMo8Bqh496SUPP48D','channel-11'),(117,11,_binary '\0',NULL,1,3,'YPSgMo8Bqh496SUPJI9C','channel-11'),(118,11,_binary '\0',NULL,1,2,'YPSgMo8Bqh496SUPJI9C','channel-11'),(119,10,_binary '\0',NULL,1,3,'YfSiMo8Bqh496SUPd49H','channel-10'),(120,21,_binary '\0',NULL,1,3,'YvSnMo8Bqh496SUPA4_Q','channel-21'),(121,10,_binary '\0',NULL,1,3,'Y_Q0M48Bqh496SUPoI_n','channel-10'),(122,11,_binary '\0',NULL,1,3,'ZPQ8M48Bqh496SUPYI9T','channel-11'),(123,11,_binary '\0',NULL,1,2,'ZPQ8M48Bqh496SUPYI9T','channel-11'),(124,14,_binary '\0',NULL,1,3,'ZfRAM48Bqh496SUPVo8r','channel-14'),(125,14,_binary '\0',NULL,1,2,'ZfRAM48Bqh496SUPVo8r','channel-14'),(126,14,_binary '\0',NULL,1,3,'ZvRAM48Bqh496SUPwI-V','channel-14'),(127,14,_binary '\0',NULL,1,2,'ZvRAM48Bqh496SUPwI-V','channel-14'),(128,14,_binary '\0',NULL,1,3,'Z_RAM48Bqh496SUP-Y_B','channel-14'),(129,14,_binary '\0',NULL,1,2,'Z_RAM48Bqh496SUP-Y_B','channel-14'),(130,14,_binary '\0',NULL,1,3,'aPRBM48Bqh496SUPRI9O','channel-14'),(131,14,_binary '\0',NULL,1,2,'aPRBM48Bqh496SUPRI9O','channel-14'),(132,14,_binary '\0',NULL,1,3,'afRPM48Bqh496SUPoI_A','channel-14'),(133,14,_binary '\0',NULL,1,2,'afRPM48Bqh496SUPoI_A','channel-14'),(134,14,_binary '\0',NULL,1,3,'avRSM48Bqh496SUPDI95','channel-14'),(135,14,_binary '\0',NULL,1,2,'avRSM48Bqh496SUPDI95','channel-14'),(136,14,_binary '\0',NULL,1,3,'a_RVM48Bqh496SUPno_P','channel-14'),(137,14,_binary '\0',NULL,1,2,'a_RVM48Bqh496SUPno_P','channel-14'),(138,14,_binary '\0',NULL,1,3,'bPRZM48Bqh496SUPCo-n','channel-14'),(139,14,_binary '\0',NULL,1,2,'bPRZM48Bqh496SUPCo-n','channel-14'),(140,14,_binary '\0',NULL,1,3,'bfRZM48Bqh496SUPlY-D','channel-14'),(141,14,_binary '\0',NULL,1,2,'bfRZM48Bqh496SUPlY-D','channel-14'),(142,14,_binary '\0',NULL,1,3,'bvRsM48Bqh496SUPC4-z','channel-14'),(143,14,_binary '\0',NULL,1,2,'bvRsM48Bqh496SUPC4-z','channel-14'),(144,14,_binary '\0',NULL,1,3,'b_RwM48Bqh496SUPMY-c','channel-14'),(145,14,_binary '\0',NULL,1,2,'b_RwM48Bqh496SUPMY-c','channel-14'),(146,14,_binary '\0',NULL,1,3,'cPRxM48Bqh496SUPwI8K','channel-14'),(147,14,_binary '\0',NULL,1,2,'cPRxM48Bqh496SUPwI8K','channel-14'),(148,14,_binary '\0',NULL,1,3,'cfRyM48Bqh496SUPJI_I','channel-14'),(149,14,_binary '\0',NULL,1,2,'cfRyM48Bqh496SUPJI_I','channel-14'),(150,14,_binary '\0',NULL,1,3,'cvR1M48Bqh496SUP949g','channel-14'),(151,14,_binary '\0',NULL,1,2,'cvR1M48Bqh496SUP949g','channel-14'),(152,14,_binary '\0',NULL,1,3,'c_R4M48Bqh496SUPc48h','channel-14'),(153,14,_binary '\0',NULL,1,2,'c_R4M48Bqh496SUPc48h','channel-14'),(154,14,_binary '\0',NULL,1,3,'dPR4M48Bqh496SUPzI9m','channel-14'),(155,14,_binary '\0',NULL,1,2,'dPR4M48Bqh496SUPzI9m','channel-14'),(156,14,_binary '\0',NULL,1,3,'dfR5M48Bqh496SUPDI-n','channel-14'),(157,14,_binary '\0',NULL,1,2,'dfR5M48Bqh496SUPDI-n','channel-14'),(158,14,_binary '\0',NULL,1,3,'dvR5M48Bqh496SUPQo-_','channel-14'),(159,14,_binary '\0',NULL,1,2,'dvR5M48Bqh496SUPQo-_','channel-14'),(160,14,_binary '\0',NULL,1,3,'d_SCM48Bqh496SUPk48d','channel-14'),(161,14,_binary '\0',NULL,1,2,'d_SCM48Bqh496SUPk48d','channel-14'),(162,14,_binary '\0',NULL,1,3,'ePSGM48Bqh496SUPnI8i','channel-14'),(163,14,_binary '\0',NULL,1,2,'ePSGM48Bqh496SUPnI8i','channel-14'),(164,14,_binary '\0',NULL,1,3,'efSGM48Bqh496SUPyo9b','channel-14'),(165,14,_binary '\0',NULL,1,2,'efSGM48Bqh496SUPyo9b','channel-14'),(166,14,_binary '\0',NULL,1,3,'evSLM48Bqh496SUPC489','channel-14'),(167,14,_binary '\0',NULL,1,2,'evSLM48Bqh496SUPC489','channel-14'),(168,14,_binary '\0',NULL,1,3,'e_SLM48Bqh496SUPPo_2','channel-14'),(169,14,_binary '\0',NULL,1,2,'e_SLM48Bqh496SUPPo_2','channel-14'),(170,14,_binary '\0',NULL,1,3,'fPSUM48Bqh496SUPP4_P','channel-14'),(171,14,_binary '\0',NULL,1,2,'fPSUM48Bqh496SUPP4_P','channel-14'),(172,14,_binary '\0',NULL,1,3,'ffSZM48Bqh496SUPgo9K','channel-14'),(173,14,_binary '\0',NULL,1,2,'ffSZM48Bqh496SUPgo9K','channel-14'),(174,14,_binary '\0',NULL,1,3,'fvSbM48Bqh496SUPzI-a','channel-14'),(175,14,_binary '\0',NULL,1,2,'fvSbM48Bqh496SUPzI-a','channel-14'),(176,14,_binary '\0',NULL,1,3,'f_ScM48Bqh496SUPVo9u','channel-14'),(177,14,_binary '\0',NULL,1,2,'f_ScM48Bqh496SUPVo9u','channel-14'),(178,14,_binary '\0',NULL,1,3,'gPSdM48Bqh496SUP2Y-I','channel-14'),(179,14,_binary '\0',NULL,1,2,'gPSdM48Bqh496SUP2Y-I','channel-14'),(180,11,_binary '\0',NULL,1,3,'gfSeM48Bqh496SUPHY-_','channel-11'),(181,11,_binary '\0',NULL,1,2,'gfSeM48Bqh496SUPHY-_','channel-11'),(182,11,_binary '\0',NULL,1,3,'gvSeM48Bqh496SUPWY85','channel-11'),(183,11,_binary '\0',NULL,1,2,'gvSeM48Bqh496SUPWY85','channel-11'),(184,11,_binary '\0',NULL,1,3,'g_ShM48Bqh496SUP8Y8g','channel-11'),(185,11,_binary '\0',NULL,1,2,'g_ShM48Bqh496SUP8Y8g','channel-11'),(186,11,_binary '\0',NULL,1,3,'hPSiM48Bqh496SUPVY9X','channel-11'),(187,11,_binary '\0',NULL,1,2,'hPSiM48Bqh496SUPVY9X','channel-11'),(188,14,_binary '\0',NULL,1,3,'hfSmM48Bqh496SUPOY-o','channel-14'),(189,14,_binary '\0',NULL,1,2,'hfSmM48Bqh496SUPOY-o','channel-14'),(190,11,_binary '\0',NULL,1,3,'hvSmM48Bqh496SUPgY_Q','channel-11'),(191,11,_binary '\0',NULL,1,2,'hvSmM48Bqh496SUPgY_Q','channel-11'),(192,14,_binary '\0',NULL,1,3,'h_RsNI8Bqh496SUPYI_b','channel-14'),(193,14,_binary '\0',NULL,1,2,'h_RsNI8Bqh496SUPYI_b','channel-14'),(194,31,_binary '\0',NULL,1,2,'iPTUNo8Bqh496SUPaY_D','channel-31'),(195,31,_binary '\0',NULL,1,4,'iPTUNo8Bqh496SUPaY_D','channel-31'),(196,31,_binary '\0',NULL,1,2,'ifTcNo8Bqh496SUPT48-','channel-31'),(197,31,_binary '\0',NULL,1,4,'ifTcNo8Bqh496SUPT48-','channel-31'),(198,31,_binary '\0',NULL,1,2,'ivTdNo8Bqh496SUPN49-','channel-31'),(199,31,_binary '\0',NULL,1,4,'ivTdNo8Bqh496SUPN49-','channel-31'),(200,31,_binary '\0',NULL,1,2,'i_TeNo8Bqh496SUPBI8R','channel-31'),(201,31,_binary '\0',NULL,1,4,'i_TeNo8Bqh496SUPBI8R','channel-31'),(202,30,_binary '\0',NULL,1,2,'jfTnNo8Bqh496SUPOY_Y','channel-30'),(203,30,_binary '\0',NULL,1,2,'jvToNo8Bqh496SUPG4-5','channel-30'),(204,30,_binary '\0',NULL,1,2,'j_ToNo8Bqh496SUPbY8W','channel-30'),(205,30,_binary '\0',NULL,1,2,'kPTpNo8Bqh496SUPbI8I','channel-30'),(206,27,_binary '\0',NULL,1,2,'kfTrNo8Bqh496SUPeo_M','channel-27'),(207,27,_binary '\0',NULL,1,3,'kfTrNo8Bqh496SUPeo_M','channel-27'),(208,27,_binary '\0',NULL,1,4,'kfTrNo8Bqh496SUPeo_M','channel-27'),(209,27,_binary '\0',NULL,1,5,'kfTrNo8Bqh496SUPeo_M','channel-27'),(210,30,_binary '\0',NULL,1,2,'kvTsNo8Bqh496SUPWY8j','channel-30'),(211,27,_binary '\0',NULL,1,2,'k_TsNo8Bqh496SUPrI9L','channel-27'),(212,27,_binary '\0',NULL,1,3,'k_TsNo8Bqh496SUPrI9L','channel-27'),(213,27,_binary '\0',NULL,1,4,'k_TsNo8Bqh496SUPrI9L','channel-27'),(214,27,_binary '\0',NULL,1,5,'k_TsNo8Bqh496SUPrI9L','channel-27'),(215,27,_binary '\0',NULL,1,2,'lPTuNo8Bqh496SUPCI9D','channel-27'),(216,27,_binary '\0',NULL,1,3,'lPTuNo8Bqh496SUPCI9D','channel-27'),(217,27,_binary '\0',NULL,1,4,'lPTuNo8Bqh496SUPCI9D','channel-27'),(218,27,_binary '\0',NULL,1,5,'lPTuNo8Bqh496SUPCI9D','channel-27'),(219,27,_binary '\0',NULL,1,2,'lfTuNo8Bqh496SUPn48l','channel-27'),(220,27,_binary '\0',NULL,1,3,'lfTuNo8Bqh496SUPn48l','channel-27'),(221,27,_binary '\0',NULL,1,4,'lfTuNo8Bqh496SUPn48l','channel-27'),(222,27,_binary '\0',NULL,1,5,'lfTuNo8Bqh496SUPn48l','channel-27'),(223,27,_binary '\0',NULL,1,2,'lvTwNo8Bqh496SUPw4_1','channel-27'),(224,27,_binary '\0',NULL,1,3,'lvTwNo8Bqh496SUPw4_1','channel-27'),(225,27,_binary '\0',NULL,1,4,'lvTwNo8Bqh496SUPw4_1','channel-27'),(226,27,_binary '\0',NULL,1,5,'lvTwNo8Bqh496SUPw4_1','channel-27'),(227,32,_binary '\0',NULL,1,2,'l_TzNo8Bqh496SUPSo9_','channel-32'),(228,32,_binary '\0',NULL,1,3,'l_TzNo8Bqh496SUPSo9_','channel-32'),(229,32,_binary '\0',NULL,1,2,'mPTzNo8Bqh496SUPkI-O','channel-32'),(230,32,_binary '\0',NULL,1,3,'mPTzNo8Bqh496SUPkI-O','channel-32'),(231,32,_binary '\0',NULL,1,2,'mfTzNo8Bqh496SUP4o_J','channel-32'),(232,32,_binary '\0',NULL,1,3,'mfTzNo8Bqh496SUP4o_J','channel-32'),(233,32,_binary '\0',NULL,1,2,'mvT0No8Bqh496SUPSY8A','channel-32'),(234,32,_binary '\0',NULL,1,3,'mvT0No8Bqh496SUPSY8A','channel-32'),(235,29,_binary '\0',NULL,1,2,'m_T2No8Bqh496SUPUo8T','channel-29'),(236,29,_binary '\0',NULL,1,5,'m_T2No8Bqh496SUPUo8T','channel-29'),(237,27,_binary '\0',NULL,1,2,'nPT3No8Bqh496SUPFI9g','channel-27'),(238,27,_binary '\0',NULL,1,3,'nPT3No8Bqh496SUPFI9g','channel-27'),(239,27,_binary '\0',NULL,1,4,'nPT3No8Bqh496SUPFI9g','channel-27'),(240,27,_binary '\0',NULL,1,5,'nPT3No8Bqh496SUPFI9g','channel-27'),(241,27,_binary '\0',NULL,1,2,'nfT3No8Bqh496SUPlY-T','channel-27'),(242,27,_binary '\0',NULL,1,3,'nfT3No8Bqh496SUPlY-T','channel-27'),(243,27,_binary '\0',NULL,1,4,'nfT3No8Bqh496SUPlY-T','channel-27'),(244,27,_binary '\0',NULL,1,5,'nfT3No8Bqh496SUPlY-T','channel-27'),(245,31,_binary '\0',NULL,1,2,'nvQBN48Bqh496SUPKY8q','channel-31'),(246,31,_binary '\0',NULL,1,4,'nvQBN48Bqh496SUPKY8q','channel-31'),(247,27,_binary '\0',NULL,1,2,'n_QMN48Bqh496SUPPI_6','channel-27'),(248,27,_binary '\0',NULL,1,3,'n_QMN48Bqh496SUPPI_6','channel-27'),(249,27,_binary '\0',NULL,1,4,'n_QMN48Bqh496SUPPI_6','channel-27'),(250,27,_binary '\0',NULL,1,5,'n_QMN48Bqh496SUPPI_6','channel-27'),(251,31,_binary '\0',NULL,1,2,'oPQzN48Bqh496SUPdI_K','channel-31'),(252,31,_binary '\0',NULL,1,4,'oPQzN48Bqh496SUPdI_K','channel-31'),(253,31,_binary '\0',NULL,1,2,'ofRSN48Bqh496SUPrY9w','channel-31'),(254,31,_binary '\0',NULL,1,4,'ofRSN48Bqh496SUPrY9w','channel-31'),(255,31,_binary '\0',NULL,1,2,'ovRlN48Bqh496SUPPo_c','channel-31'),(256,31,_binary '\0',NULL,1,4,'ovRlN48Bqh496SUPPo_c','channel-31'),(257,31,_binary '\0',NULL,1,2,'o_RlN48Bqh496SUPsI9A','channel-31'),(258,31,_binary '\0',NULL,1,4,'o_RlN48Bqh496SUPsI9A','channel-31'),(259,27,_binary '\0',NULL,1,2,'pPQ7OI8Bqh496SUPc49x','channel-27'),(260,27,_binary '\0',NULL,1,3,'pPQ7OI8Bqh496SUPc49x','channel-27'),(261,27,_binary '\0',NULL,1,4,'pPQ7OI8Bqh496SUPc49x','channel-27'),(262,27,_binary '\0',NULL,1,5,'pPQ7OI8Bqh496SUPc49x','channel-27'),(263,27,_binary '\0',NULL,1,2,'pfRAOI8Bqh496SUPVo9i','channel-27'),(264,27,_binary '\0',NULL,1,3,'pfRAOI8Bqh496SUPVo9i','channel-27'),(265,27,_binary '\0',NULL,1,4,'pfRAOI8Bqh496SUPVo9i','channel-27'),(266,27,_binary '\0',NULL,1,5,'pfRAOI8Bqh496SUPVo9i','channel-27'),(267,27,_binary '\0',NULL,1,2,'pvRHOI8Bqh496SUPUY-r','channel-27'),(268,27,_binary '\0',NULL,1,3,'pvRHOI8Bqh496SUPUY-r','channel-27'),(269,27,_binary '\0',NULL,1,4,'pvRHOI8Bqh496SUPUY-r','channel-27'),(270,27,_binary '\0',NULL,1,5,'pvRHOI8Bqh496SUPUY-r','channel-27'),(271,27,_binary '\0',NULL,1,2,'p_RIOI8Bqh496SUPqY-3','channel-27'),(272,27,_binary '\0',NULL,1,3,'p_RIOI8Bqh496SUPqY-3','channel-27'),(273,27,_binary '\0',NULL,1,4,'p_RIOI8Bqh496SUPqY-3','channel-27'),(274,27,_binary '\0',NULL,1,5,'p_RIOI8Bqh496SUPqY-3','channel-27'),(275,27,_binary '\0',NULL,1,2,'qPRIOI8Bqh496SUP2Y_V','channel-27'),(276,27,_binary '\0',NULL,1,3,'qPRIOI8Bqh496SUP2Y_V','channel-27'),(277,27,_binary '\0',NULL,1,4,'qPRIOI8Bqh496SUP2Y_V','channel-27'),(278,27,_binary '\0',NULL,1,5,'qPRIOI8Bqh496SUP2Y_V','channel-27'),(279,27,_binary '\0',NULL,1,2,'qfRKOI8Bqh496SUPD4-2','channel-27'),(280,27,_binary '\0',NULL,1,3,'qfRKOI8Bqh496SUPD4-2','channel-27'),(281,27,_binary '\0',NULL,1,4,'qfRKOI8Bqh496SUPD4-2','channel-27'),(282,27,_binary '\0',NULL,1,5,'qfRKOI8Bqh496SUPD4-2','channel-27'),(283,27,_binary '\0',NULL,1,2,'qvRKOI8Bqh496SUPRo_k','channel-27'),(284,27,_binary '\0',NULL,1,3,'qvRKOI8Bqh496SUPRo_k','channel-27'),(285,27,_binary '\0',NULL,1,4,'qvRKOI8Bqh496SUPRo_k','channel-27'),(286,27,_binary '\0',NULL,1,5,'qvRKOI8Bqh496SUPRo_k','channel-27'),(287,27,_binary '\0',NULL,1,2,'q_RWOI8Bqh496SUP9Y9l','channel-27'),(288,27,_binary '\0',NULL,1,3,'q_RWOI8Bqh496SUP9Y9l','channel-27'),(289,27,_binary '\0',NULL,1,4,'q_RWOI8Bqh496SUP9Y9l','channel-27'),(290,27,_binary '\0',NULL,1,5,'q_RWOI8Bqh496SUP9Y9l','channel-27'),(291,27,_binary '\0',NULL,1,2,'rPRYOI8Bqh496SUPEo-Y','channel-27'),(292,27,_binary '\0',NULL,1,3,'rPRYOI8Bqh496SUPEo-Y','channel-27'),(293,27,_binary '\0',NULL,1,4,'rPRYOI8Bqh496SUPEo-Y','channel-27'),(294,27,_binary '\0',NULL,1,5,'rPRYOI8Bqh496SUPEo-Y','channel-27'),(295,27,_binary '\0',NULL,1,2,'rfRxOI8Bqh496SUP4I-D','channel-27'),(296,27,_binary '\0',NULL,1,3,'rfRxOI8Bqh496SUP4I-D','channel-27'),(297,27,_binary '\0',NULL,1,4,'rfRxOI8Bqh496SUP4I-D','channel-27'),(298,27,_binary '\0',NULL,1,5,'rfRxOI8Bqh496SUP4I-D','channel-27'),(299,28,_binary '\0',NULL,1,2,'rvTmOI8Bqh496SUPso_Q','channel-28'),(300,28,_binary '\0',NULL,1,3,'rvTmOI8Bqh496SUPso_Q','channel-28'),(301,28,_binary '\0',NULL,1,4,'rvTmOI8Bqh496SUPso_Q','channel-28'),(302,28,_binary '\0',NULL,1,2,'r_TmOI8Bqh496SUP8Y-J','channel-28'),(303,28,_binary '\0',NULL,1,3,'r_TmOI8Bqh496SUP8Y-J','channel-28'),(304,28,_binary '\0',NULL,1,4,'r_TmOI8Bqh496SUP8Y-J','channel-28'),(305,32,_binary '\0',NULL,1,2,'sPTWPI8Bqh496SUPv4-B','channel-32'),(306,32,_binary '\0',NULL,1,3,'sPTWPI8Bqh496SUPv4-B','channel-32'),(307,27,_binary '\0',NULL,1,2,'sfTmPI8Bqh496SUPxo9G','channel-27'),(308,27,_binary '\0',NULL,1,3,'sfTmPI8Bqh496SUPxo9G','channel-27'),(309,27,_binary '\0',NULL,1,4,'sfTmPI8Bqh496SUPxo9G','channel-27'),(310,27,_binary '\0',NULL,1,5,'sfTmPI8Bqh496SUPxo9G','channel-27'),(311,31,_binary '\0',NULL,1,2,'svT2PI8Bqh496SUPbY_-','channel-31'),(312,31,_binary '\0',NULL,1,4,'svT2PI8Bqh496SUPbY_-','channel-31'),(313,28,_binary '\0',NULL,1,2,'s_QiPY8Bqh496SUPZo8m','channel-28'),(314,28,_binary '\0',NULL,1,3,'s_QiPY8Bqh496SUPZo8m','channel-28'),(315,28,_binary '\0',NULL,1,4,'s_QiPY8Bqh496SUPZo8m','channel-28'),(316,28,_binary '\0',NULL,1,2,'tPQoPY8Bqh496SUPAo9J','channel-28'),(317,28,_binary '\0',NULL,1,3,'tPQoPY8Bqh496SUPAo9J','channel-28'),(318,28,_binary '\0',NULL,1,4,'tPQoPY8Bqh496SUPAo9J','channel-28'),(319,28,_binary '\0',NULL,1,2,'tfQpPY8Bqh496SUPG49T','channel-28'),(320,28,_binary '\0',NULL,1,3,'tfQpPY8Bqh496SUPG49T','channel-28'),(321,28,_binary '\0',NULL,1,4,'tfQpPY8Bqh496SUPG49T','channel-28'),(322,28,_binary '\0',NULL,1,2,'tvQsPY8Bqh496SUP2I99','channel-28'),(323,28,_binary '\0',NULL,1,3,'tvQsPY8Bqh496SUP2I99','channel-28'),(324,28,_binary '\0',NULL,1,4,'tvQsPY8Bqh496SUP2I99','channel-28'),(325,27,_binary '\0',NULL,1,2,'t_Q0PY8Bqh496SUPI4-3','channel-27'),(326,27,_binary '\0',NULL,1,3,'t_Q0PY8Bqh496SUPI4-3','channel-27'),(327,27,_binary '\0',NULL,1,4,'t_Q0PY8Bqh496SUPI4-3','channel-27'),(328,27,_binary '\0',NULL,1,5,'t_Q0PY8Bqh496SUPI4-3','channel-27'),(329,27,_binary '\0',NULL,1,2,'uPQ4PY8Bqh496SUPU498','channel-27'),(330,27,_binary '\0',NULL,1,3,'uPQ4PY8Bqh496SUPU498','channel-27'),(331,27,_binary '\0',NULL,1,4,'uPQ4PY8Bqh496SUPU498','channel-27'),(332,27,_binary '\0',NULL,1,5,'uPQ4PY8Bqh496SUPU498','channel-27'),(333,31,_binary '\0',NULL,1,2,'ufQ5PY8Bqh496SUP0Y8M','channel-31'),(334,31,_binary '\0',NULL,1,4,'ufQ5PY8Bqh496SUP0Y8M','channel-31'),(335,31,_binary '\0',NULL,1,2,'uvQ6PY8Bqh496SUPyo8h','channel-31'),(336,31,_binary '\0',NULL,1,4,'uvQ6PY8Bqh496SUPyo8h','channel-31'),(337,32,_binary '\0',NULL,1,2,'u_Q7PY8Bqh496SUP74-o','channel-32'),(338,32,_binary '\0',NULL,1,3,'u_Q7PY8Bqh496SUP74-o','channel-32'),(339,30,_binary '\0',NULL,1,2,'vPQ8PY8Bqh496SUPSo9g','channel-30'),(340,27,_binary '\0',NULL,1,2,'vfQ9PY8Bqh496SUPVY-I','channel-27'),(341,27,_binary '\0',NULL,1,3,'vfQ9PY8Bqh496SUPVY-I','channel-27'),(342,27,_binary '\0',NULL,1,4,'vfQ9PY8Bqh496SUPVY-I','channel-27'),(343,27,_binary '\0',NULL,1,5,'vfQ9PY8Bqh496SUPVY-I','channel-27'),(344,27,_binary '\0',NULL,1,2,'vvQ9PY8Bqh496SUPwI8U','channel-27'),(345,27,_binary '\0',NULL,1,3,'vvQ9PY8Bqh496SUPwI8U','channel-27'),(346,27,_binary '\0',NULL,1,4,'vvQ9PY8Bqh496SUPwI8U','channel-27'),(347,27,_binary '\0',NULL,1,5,'vvQ9PY8Bqh496SUPwI8U','channel-27'),(348,27,_binary '\0',NULL,1,2,'v_Q_PY8Bqh496SUPdY_K','channel-27'),(349,27,_binary '\0',NULL,1,3,'v_Q_PY8Bqh496SUPdY_K','channel-27'),(350,27,_binary '\0',NULL,1,4,'v_Q_PY8Bqh496SUPdY_K','channel-27'),(351,27,_binary '\0',NULL,1,5,'v_Q_PY8Bqh496SUPdY_K','channel-27'),(352,27,_binary '\0',NULL,1,2,'wPRCPY8Bqh496SUPdY-h','channel-27'),(353,27,_binary '\0',NULL,1,3,'wPRCPY8Bqh496SUPdY-h','channel-27'),(354,27,_binary '\0',NULL,1,4,'wPRCPY8Bqh496SUPdY-h','channel-27'),(355,27,_binary '\0',NULL,1,5,'wPRCPY8Bqh496SUPdY-h','channel-27'),(356,29,_binary '\0',NULL,1,2,'wfRIPY8Bqh496SUPTo_K','channel-29'),(357,29,_binary '\0',NULL,1,5,'wfRIPY8Bqh496SUPTo_K','channel-29'),(358,27,_binary '\0',NULL,1,2,'wvRJPY8Bqh496SUPEI-t','channel-27'),(359,27,_binary '\0',NULL,1,3,'wvRJPY8Bqh496SUPEI-t','channel-27'),(360,27,_binary '\0',NULL,1,4,'wvRJPY8Bqh496SUPEI-t','channel-27'),(361,27,_binary '\0',NULL,1,5,'wvRJPY8Bqh496SUPEI-t','channel-27'),(362,32,_binary '\0',NULL,1,2,'w_RMPY8Bqh496SUPJY8c','channel-32'),(363,32,_binary '\0',NULL,1,3,'w_RMPY8Bqh496SUPJY8c','channel-32'),(364,27,_binary '\0',NULL,1,2,'xPRXPo8Bqh496SUPKI_v','channel-27'),(365,27,_binary '\0',NULL,1,3,'xPRXPo8Bqh496SUPKI_v','channel-27'),(366,27,_binary '\0',NULL,1,4,'xPRXPo8Bqh496SUPKI_v','channel-27'),(367,27,_binary '\0',NULL,1,5,'xPRXPo8Bqh496SUPKI_v','channel-27'),(368,27,_binary '\0',NULL,1,2,'xfRZPo8Bqh496SUPDY-Y','channel-27'),(369,27,_binary '\0',NULL,1,3,'xfRZPo8Bqh496SUPDY-Y','channel-27'),(370,27,_binary '\0',NULL,1,4,'xfRZPo8Bqh496SUPDY-Y','channel-27'),(371,27,_binary '\0',NULL,1,5,'xfRZPo8Bqh496SUPDY-Y','channel-27'),(372,27,_binary '\0',NULL,1,2,'xvRcPo8Bqh496SUPLI_r','channel-27'),(373,27,_binary '\0',NULL,1,3,'xvRcPo8Bqh496SUPLI_r','channel-27'),(374,27,_binary '\0',NULL,1,4,'xvRcPo8Bqh496SUPLI_r','channel-27'),(375,27,_binary '\0',NULL,1,5,'xvRcPo8Bqh496SUPLI_r','channel-27'),(376,27,_binary '\0',NULL,1,2,'x_RePo8Bqh496SUPUI84','channel-27'),(377,27,_binary '\0',NULL,1,3,'x_RePo8Bqh496SUPUI84','channel-27'),(378,27,_binary '\0',NULL,1,4,'x_RePo8Bqh496SUPUI84','channel-27'),(379,27,_binary '\0',NULL,1,5,'x_RePo8Bqh496SUPUI84','channel-27'),(380,32,_binary '\0',NULL,1,2,'yPRfPo8Bqh496SUPkY9r','channel-32'),(381,32,_binary '\0',NULL,1,3,'yPRfPo8Bqh496SUPkY9r','channel-32'),(382,32,_binary '\0',NULL,1,2,'yfRjPo8Bqh496SUP_I9G','channel-32'),(383,32,_binary '\0',NULL,1,3,'yfRjPo8Bqh496SUP_I9G','channel-32'),(384,32,_binary '\0',NULL,1,2,'yvRlPo8Bqh496SUPPI8V','channel-32'),(385,32,_binary '\0',NULL,1,3,'yvRlPo8Bqh496SUPPI8V','channel-32'),(386,32,_binary '\0',NULL,1,2,'y_RnPo8Bqh496SUPUY_4','channel-32'),(387,32,_binary '\0',NULL,1,3,'y_RnPo8Bqh496SUPUY_4','channel-32'),(388,32,_binary '\0',NULL,1,2,'zPRpPo8Bqh496SUPyI-r','channel-32'),(389,32,_binary '\0',NULL,1,3,'zPRpPo8Bqh496SUPyI-r','channel-32'),(390,27,_binary '\0',NULL,1,2,'zfRqPo8Bqh496SUPtY8H','channel-27'),(391,27,_binary '\0',NULL,1,3,'zfRqPo8Bqh496SUPtY8H','channel-27'),(392,27,_binary '\0',NULL,1,4,'zfRqPo8Bqh496SUPtY8H','channel-27'),(393,27,_binary '\0',NULL,1,5,'zfRqPo8Bqh496SUPtY8H','channel-27'),(394,27,_binary '\0',NULL,1,2,'zvRsPo8Bqh496SUPZo96','channel-27'),(395,27,_binary '\0',NULL,1,3,'zvRsPo8Bqh496SUPZo96','channel-27'),(396,27,_binary '\0',NULL,1,4,'zvRsPo8Bqh496SUPZo96','channel-27'),(397,27,_binary '\0',NULL,1,5,'zvRsPo8Bqh496SUPZo96','channel-27'),(398,27,_binary '\0',NULL,1,2,'z_SePo8Bqh496SUPuI8Y','channel-27'),(399,27,_binary '\0',NULL,1,3,'z_SePo8Bqh496SUPuI8Y','channel-27'),(400,27,_binary '\0',NULL,1,4,'z_SePo8Bqh496SUPuI8Y','channel-27'),(401,27,_binary '\0',NULL,1,5,'z_SePo8Bqh496SUPuI8Y','channel-27'),(402,27,_binary '\0',NULL,1,2,'0PSfPo8Bqh496SUPQI8z','channel-27'),(403,27,_binary '\0',NULL,1,3,'0PSfPo8Bqh496SUPQI8z','channel-27'),(404,27,_binary '\0',NULL,1,4,'0PSfPo8Bqh496SUPQI8z','channel-27'),(405,27,_binary '\0',NULL,1,5,'0PSfPo8Bqh496SUPQI8z','channel-27'),(406,32,_binary '\0',NULL,1,2,'0fSfPo8Bqh496SUPkY9V','channel-32'),(407,32,_binary '\0',NULL,1,3,'0fSfPo8Bqh496SUPkY9V','channel-32'),(408,27,_binary '\0',NULL,1,2,'0vSoPo8Bqh496SUPC4-z','channel-27'),(409,27,_binary '\0',NULL,1,3,'0vSoPo8Bqh496SUPC4-z','channel-27'),(410,27,_binary '\0',NULL,1,4,'0vSoPo8Bqh496SUPC4-z','channel-27'),(411,27,_binary '\0',NULL,1,5,'0vSoPo8Bqh496SUPC4-z','channel-27'),(412,27,_binary '\0',NULL,1,2,'0_SoPo8Bqh496SUPu4_M','channel-27'),(413,27,_binary '\0',NULL,1,3,'0_SoPo8Bqh496SUPu4_M','channel-27'),(414,27,_binary '\0',NULL,1,4,'0_SoPo8Bqh496SUPu4_M','channel-27'),(415,27,_binary '\0',NULL,1,5,'0_SoPo8Bqh496SUPu4_M','channel-27'),(416,28,_binary '\0',NULL,1,2,'1PSqPo8Bqh496SUPEY-3','channel-28'),(417,28,_binary '\0',NULL,1,3,'1PSqPo8Bqh496SUPEY-3','channel-28'),(418,28,_binary '\0',NULL,1,4,'1PSqPo8Bqh496SUPEY-3','channel-28'),(419,38,_binary '\0',NULL,1,4,'1fReQo8Bqh496SUPEI8X','channel-38'),(420,38,_binary '\0',NULL,1,5,'1fReQo8Bqh496SUPEI8X','channel-38'),(421,40,_binary '\0',NULL,1,3,'1vRhQo8Bqh496SUPqY-3','channel-40'),(422,40,_binary '\0',NULL,1,5,'1vRhQo8Bqh496SUPqY-3','channel-40'),(423,40,_binary '\0',NULL,1,3,'1_RiQo8Bqh496SUPEY_9','channel-40'),(424,40,_binary '\0',NULL,1,5,'1_RiQo8Bqh496SUPEY_9','channel-40'),(425,29,_binary '\0',NULL,1,2,'2PTtQo8Bqh496SUPM4-K','channel-29'),(426,29,_binary '\0',NULL,1,5,'2PTtQo8Bqh496SUPM4-K','channel-29'),(427,27,_binary '\0',NULL,1,2,'2fTtQo8Bqh496SUPoY9f','channel-27'),(428,27,_binary '\0',NULL,1,3,'2fTtQo8Bqh496SUPoY9f','channel-27'),(429,27,_binary '\0',NULL,1,4,'2fTtQo8Bqh496SUPoY9f','channel-27'),(430,27,_binary '\0',NULL,1,5,'2fTtQo8Bqh496SUPoY9f','channel-27'),(431,29,_binary '\0',NULL,1,2,'2vSLQ48Bqh496SUPGY_Q','channel-29'),(432,29,_binary '\0',NULL,1,3,'2vSLQ48Bqh496SUPGY_Q','channel-29'),(433,29,_binary '\0',NULL,1,4,'2vSLQ48Bqh496SUPGY_Q','channel-29'),(434,29,_binary '\0',NULL,1,5,'2vSLQ48Bqh496SUPGY_Q','channel-29'),(435,NULL,_binary '\0',NULL,1,2,'2_SNQ48Bqh496SUPNI-s','channel-28'),(436,NULL,_binary '\0',NULL,1,3,'2_SNQ48Bqh496SUPNI-s','channel-28'),(437,NULL,_binary '\0',NULL,1,4,'2_SNQ48Bqh496SUPNI-s','channel-28'),(438,NULL,_binary '\0',NULL,1,5,'2_SNQ48Bqh496SUPNI-s','channel-28'),(439,NULL,_binary '\0',NULL,1,2,'3PSOQ48Bqh496SUPC4_u','channel-28'),(440,NULL,_binary '\0',NULL,1,3,'3PSOQ48Bqh496SUPC4_u','channel-28'),(441,NULL,_binary '\0',NULL,1,4,'3PSOQ48Bqh496SUPC4_u','channel-28'),(442,NULL,_binary '\0',NULL,1,5,'3PSOQ48Bqh496SUPC4_u','channel-28'),(443,NULL,_binary '\0',NULL,1,2,'3fSOQ48Bqh496SUPuI-b','channel-29'),(444,NULL,_binary '\0',NULL,1,3,'3fSOQ48Bqh496SUPuI-b','channel-29'),(445,NULL,_binary '\0',NULL,1,4,'3fSOQ48Bqh496SUPuI-b','channel-29'),(446,NULL,_binary '\0',NULL,1,5,'3fSOQ48Bqh496SUPuI-b','channel-29'),(447,NULL,_binary '\0',NULL,1,2,'3vSTQ48Bqh496SUPH49v','channel-37'),(448,NULL,_binary '\0',NULL,1,3,'3vSTQ48Bqh496SUPH49v','channel-37'),(449,NULL,_binary '\0',NULL,1,4,'3vSTQ48Bqh496SUPH49v','channel-37'),(450,NULL,_binary '\0',NULL,1,5,'3vSTQ48Bqh496SUPH49v','channel-37'),(451,NULL,_binary '\0',NULL,1,2,'3_SUQ48Bqh496SUP-Y8A','channel-36'),(452,NULL,_binary '\0',NULL,1,3,'3_SUQ48Bqh496SUP-Y8A','channel-36'),(453,NULL,_binary '\0',NULL,1,4,'3_SUQ48Bqh496SUP-Y8A','channel-36'),(454,NULL,_binary '\0',NULL,1,5,'3_SUQ48Bqh496SUP-Y8A','channel-36'),(455,NULL,_binary '\0',NULL,1,2,'4PSVQ48Bqh496SUP649J','channel-37'),(456,NULL,_binary '\0',NULL,1,3,'4PSVQ48Bqh496SUP649J','channel-37'),(457,NULL,_binary '\0',NULL,1,4,'4PSVQ48Bqh496SUP649J','channel-37'),(458,NULL,_binary '\0',NULL,1,5,'4PSVQ48Bqh496SUP649J','channel-37'),(459,NULL,_binary '\0',NULL,1,2,'4fSXQ48Bqh496SUPk4_Q','channel-36'),(460,NULL,_binary '\0',NULL,1,3,'4fSXQ48Bqh496SUPk4_Q','channel-36'),(461,NULL,_binary '\0',NULL,1,4,'4fSXQ48Bqh496SUPk4_Q','channel-36'),(462,NULL,_binary '\0',NULL,1,5,'4fSXQ48Bqh496SUPk4_Q','channel-36'),(463,NULL,_binary '\0',NULL,1,2,'4vSbQ48Bqh496SUPyo8M','channel-37'),(464,NULL,_binary '\0',NULL,1,3,'4vSbQ48Bqh496SUPyo8M','channel-37'),(465,NULL,_binary '\0',NULL,1,4,'4vSbQ48Bqh496SUPyo8M','channel-37'),(466,NULL,_binary '\0',NULL,1,5,'4vSbQ48Bqh496SUPyo8M','channel-37'),(467,NULL,_binary '\0',NULL,1,2,'4_SdQ48Bqh496SUPxo8w','channel-37'),(468,NULL,_binary '\0',NULL,1,3,'4_SdQ48Bqh496SUPxo8w','channel-37'),(469,NULL,_binary '\0',NULL,1,4,'4_SdQ48Bqh496SUPxo8w','channel-37'),(470,NULL,_binary '\0',NULL,1,5,'4_SdQ48Bqh496SUPxo8w','channel-37'),(471,NULL,_binary '\0',NULL,1,2,'5PQkR48Bqh496SUPm4-v','channel-36'),(472,NULL,_binary '\0',NULL,1,3,'5PQkR48Bqh496SUPm4-v','channel-36'),(473,NULL,_binary '\0',NULL,1,4,'5PQkR48Bqh496SUPm4-v','channel-36'),(474,NULL,_binary '\0',NULL,1,5,'5PQkR48Bqh496SUPm4-v','channel-36'),(475,NULL,_binary '\0',NULL,1,2,'5fQlR48Bqh496SUPTI94','channel-36'),(476,NULL,_binary '\0',NULL,1,3,'5fQlR48Bqh496SUPTI94','channel-36'),(477,NULL,_binary '\0',NULL,1,4,'5fQlR48Bqh496SUPTI94','channel-36'),(478,NULL,_binary '\0',NULL,1,5,'5fQlR48Bqh496SUPTI94','channel-36'),(479,NULL,_binary '\0',NULL,1,2,'5vRjR48Bqh496SUPGo86','channel-39'),(480,NULL,_binary '\0',NULL,1,5,'5vRjR48Bqh496SUPGo86','channel-39'),(481,NULL,_binary '\0',NULL,1,2,'5_RkR48Bqh496SUPwI8w','channel-31'),(482,NULL,_binary '\0',NULL,1,4,'5_RkR48Bqh496SUPwI8w','channel-31'),(483,NULL,_binary '\0',NULL,1,2,'6PShR48Bqh496SUPp4_4','channel-37'),(484,NULL,_binary '\0',NULL,1,3,'6PShR48Bqh496SUPp4_4','channel-37'),(485,NULL,_binary '\0',NULL,1,4,'6PShR48Bqh496SUPp4_4','channel-37'),(486,NULL,_binary '\0',NULL,1,5,'6PShR48Bqh496SUPp4_4','channel-37'),(487,NULL,_binary '\0',NULL,1,2,'6fQuSI8Bqh496SUPtI9y','channel-36'),(488,NULL,_binary '\0',NULL,1,3,'6fQuSI8Bqh496SUPtI9y','channel-36'),(489,NULL,_binary '\0',NULL,1,4,'6fQuSI8Bqh496SUPtI9y','channel-36'),(490,NULL,_binary '\0',NULL,1,5,'6fQuSI8Bqh496SUPtI9y','channel-36'),(491,NULL,_binary '\0',NULL,1,2,'6vQ0SI8Bqh496SUPG48p','channel-36'),(492,NULL,_binary '\0',NULL,1,3,'6vQ0SI8Bqh496SUPG48p','channel-36'),(493,NULL,_binary '\0',NULL,1,4,'6vQ0SI8Bqh496SUPG48p','channel-36'),(494,NULL,_binary '\0',NULL,1,5,'6vQ0SI8Bqh496SUPG48p','channel-36'),(495,NULL,_binary '\0',NULL,1,2,'6_RzSI8Bqh496SUP2o9V','channel-30'),(496,NULL,_binary '\0',NULL,1,3,'6_RzSI8Bqh496SUP2o9V','channel-30'),(497,NULL,_binary '\0',NULL,1,5,'6_RzSI8Bqh496SUP2o9V','channel-30'),(498,NULL,_binary '\0',NULL,1,2,'7PR0SI8Bqh496SUPfY9k','channel-30'),(499,NULL,_binary '\0',NULL,1,3,'7PR0SI8Bqh496SUPfY9k','channel-30'),(500,NULL,_binary '\0',NULL,1,5,'7PR0SI8Bqh496SUPfY9k','channel-30'),(501,NULL,_binary '\0',NULL,1,2,'7fSBSI8Bqh496SUPAI--','channel-36'),(502,NULL,_binary '\0',NULL,1,3,'7fSBSI8Bqh496SUPAI--','channel-36'),(503,NULL,_binary '\0',NULL,1,4,'7fSBSI8Bqh496SUPAI--','channel-36'),(504,NULL,_binary '\0',NULL,1,5,'7fSBSI8Bqh496SUPAI--','channel-36'),(505,NULL,_binary '\0',NULL,1,2,'7vTASI8Bqh496SUPY4-U','channel-27'),(506,NULL,_binary '\0',NULL,1,3,'7vTASI8Bqh496SUPY4-U','channel-27'),(507,NULL,_binary '\0',NULL,1,4,'7vTASI8Bqh496SUPY4-U','channel-27'),(508,NULL,_binary '\0',NULL,1,5,'7vTASI8Bqh496SUPY4-U','channel-27'),(509,NULL,_binary '\0',NULL,1,2,'bPR0Uo8Bqh496SUPwZEk','channel-31'),(510,NULL,_binary '\0',NULL,1,4,'bPR0Uo8Bqh496SUPwZEk','channel-31'),(511,NULL,_binary '\0',NULL,1,2,'bfR1Uo8Bqh496SUPWZHZ','channel-31'),(512,NULL,_binary '\0',NULL,1,4,'bfR1Uo8Bqh496SUPWZHZ','channel-31'),(513,NULL,_binary '\0',NULL,1,2,'bvR1Uo8Bqh496SUP5pFN','channel-31'),(514,NULL,_binary '\0',NULL,1,4,'bvR1Uo8Bqh496SUP5pFN','channel-31'),(515,NULL,_binary '\0',NULL,1,2,'b_R2Uo8Bqh496SUPOpHH','channel-31'),(516,NULL,_binary '\0',NULL,1,4,'b_R2Uo8Bqh496SUPOpHH','channel-31'),(517,NULL,_binary '\0',NULL,1,2,'cPSKUo8Bqh496SUPrZFt','channel-31'),(518,NULL,_binary '\0',NULL,1,4,'cPSKUo8Bqh496SUPrZFt','channel-31'),(519,NULL,_binary '\0',NULL,1,2,'cfSLUo8Bqh496SUPvZF0','channel-31'),(520,NULL,_binary '\0',NULL,1,4,'cfSLUo8Bqh496SUPvZF0','channel-31'),(521,NULL,_binary '\0',NULL,1,2,'cvT-Uo8Bqh496SUPwJGh','channel-31'),(522,NULL,_binary '\0',NULL,1,4,'cvT-Uo8Bqh496SUPwJGh','channel-31'),(523,NULL,_binary '\0',NULL,1,2,'c_QDU48Bqh496SUPwJFX','channel-31'),(524,NULL,_binary '\0',NULL,1,4,'c_QDU48Bqh496SUPwJFX','channel-31'),(525,NULL,_binary '\0',NULL,1,2,'dPQFU48Bqh496SUPJ5Ft','channel-31'),(526,NULL,_binary '\0',NULL,1,4,'dPQFU48Bqh496SUPJ5Ft','channel-31'),(527,NULL,_binary '\0',NULL,1,2,'dfQJU48Bqh496SUPO5HR','channel-31'),(528,NULL,_binary '\0',NULL,1,4,'dfQJU48Bqh496SUPO5HR','channel-31'),(529,NULL,_binary '\0',NULL,1,2,'dvSnVY8Bqh496SUPYpGG','channel-31'),(530,NULL,_binary '\0',NULL,1,4,'dvSnVY8Bqh496SUPYpGG','channel-31'),(531,NULL,_binary '\0',NULL,1,2,'d_SpVY8Bqh496SUPxJHm','channel-31'),(532,NULL,_binary '\0',NULL,1,4,'d_SpVY8Bqh496SUPxJHm','channel-31'),(533,NULL,_binary '\0',NULL,1,2,'ePSpVY8Bqh496SUP75Fe','channel-31'),(534,NULL,_binary '\0',NULL,1,4,'ePSpVY8Bqh496SUP75Fe','channel-31'),(535,NULL,_binary '\0',NULL,1,2,'efSvVY8Bqh496SUPMpHG','channel-31'),(536,NULL,_binary '\0',NULL,1,4,'efSvVY8Bqh496SUPMpHG','channel-31'),(537,NULL,_binary '\0',NULL,1,2,'evSvVY8Bqh496SUPjpFD','channel-31'),(538,NULL,_binary '\0',NULL,1,4,'evSvVY8Bqh496SUPjpFD','channel-31'),(539,NULL,_binary '\0',NULL,1,2,'e_SvVY8Bqh496SUP1ZEi','channel-31'),(540,NULL,_binary '\0',NULL,1,4,'e_SvVY8Bqh496SUP1ZEi','channel-31'),(541,NULL,_binary '\0',NULL,1,2,'fPSwVY8Bqh496SUPCJHz','channel-31'),(542,NULL,_binary '\0',NULL,1,4,'fPSwVY8Bqh496SUPCJHz','channel-31'),(543,NULL,_binary '\0',NULL,1,2,'ffS6VY8Bqh496SUPgJEr','channel-31'),(544,NULL,_binary '\0',NULL,1,4,'ffS6VY8Bqh496SUPgJEr','channel-31'),(545,NULL,_binary '\0',NULL,1,2,'fvS7VY8Bqh496SUPPpGF','channel-31'),(546,NULL,_binary '\0',NULL,1,4,'fvS7VY8Bqh496SUPPpGF','channel-31'),(547,NULL,_binary '\0',NULL,1,2,'f_S7VY8Bqh496SUPyJEd','channel-31'),(548,NULL,_binary '\0',NULL,1,4,'f_S7VY8Bqh496SUPyJEd','channel-31'),(549,NULL,_binary '\0',NULL,1,2,'gPS8VY8Bqh496SUPV5Gn','channel-31'),(550,NULL,_binary '\0',NULL,1,4,'gPS8VY8Bqh496SUPV5Gn','channel-31'),(551,NULL,_binary '\0',NULL,1,2,'gfS8VY8Bqh496SUPgZHp','channel-31'),(552,NULL,_binary '\0',NULL,1,4,'gfS8VY8Bqh496SUPgZHp','channel-31'),(553,NULL,_binary '\0',NULL,1,2,'gvTDVY8Bqh496SUPZ5F5','channel-31'),(554,NULL,_binary '\0',NULL,1,4,'gvTDVY8Bqh496SUPZ5F5','channel-31'),(555,NULL,_binary '\0',NULL,1,2,'g_TDVY8Bqh496SUPvJHk','channel-31'),(556,NULL,_binary '\0',NULL,1,4,'g_TDVY8Bqh496SUPvJHk','channel-31'),(557,NULL,_binary '\0',NULL,1,2,'hPTDVY8Bqh496SUP6ZHQ','channel-31'),(558,NULL,_binary '\0',NULL,1,4,'hPTDVY8Bqh496SUP6ZHQ','channel-31'),(559,NULL,_binary '\0',NULL,1,2,'hfTEVY8Bqh496SUPy5FR','channel-31'),(560,NULL,_binary '\0',NULL,1,4,'hfTEVY8Bqh496SUPy5FR','channel-31'),(561,NULL,_binary '\0',NULL,1,2,'hvTFVY8Bqh496SUPcJH8','channel-31'),(562,NULL,_binary '\0',NULL,1,4,'hvTFVY8Bqh496SUPcJH8','channel-31'),(563,NULL,_binary '\0',NULL,1,2,'h_TFVY8Bqh496SUPzpEL','channel-31'),(564,NULL,_binary '\0',NULL,1,4,'h_TFVY8Bqh496SUPzpEL','channel-31'),(565,NULL,_binary '\0',NULL,1,2,'iPTGVY8Bqh496SUPaJHi','channel-31'),(566,NULL,_binary '\0',NULL,1,4,'iPTGVY8Bqh496SUPaJHi','channel-31'),(567,NULL,_binary '\0',NULL,1,2,'ifTIVY8Bqh496SUPxJH1','channel-31'),(568,NULL,_binary '\0',NULL,1,4,'ifTIVY8Bqh496SUPxJH1','channel-31'),(569,NULL,_binary '\0',NULL,1,2,'ivTLVY8Bqh496SUPtpGh','channel-31'),(570,NULL,_binary '\0',NULL,1,4,'ivTLVY8Bqh496SUPtpGh','channel-31'),(571,NULL,_binary '\0',NULL,1,2,'i_TNVY8Bqh496SUPB5FF','channel-31'),(572,NULL,_binary '\0',NULL,1,4,'i_TNVY8Bqh496SUPB5FF','channel-31'),(573,NULL,_binary '\0',NULL,1,2,'jPTNVY8Bqh496SUP_ZEv','channel-31'),(574,NULL,_binary '\0',NULL,1,4,'jPTNVY8Bqh496SUP_ZEv','channel-31'),(575,NULL,_binary '\0',NULL,1,2,'jfTRVY8Bqh496SUPA5FY','channel-31'),(576,NULL,_binary '\0',NULL,1,4,'jfTRVY8Bqh496SUPA5FY','channel-31'),(577,NULL,_binary '\0',NULL,1,2,'jvTSVY8Bqh496SUPY5Gb','channel-31'),(578,NULL,_binary '\0',NULL,1,4,'jvTSVY8Bqh496SUPY5Gb','channel-31'),(579,NULL,_binary '\0',NULL,1,2,'j_TSVY8Bqh496SUPiJGG','channel-31'),(580,NULL,_binary '\0',NULL,1,4,'j_TSVY8Bqh496SUPiJGG','channel-31'),(581,NULL,_binary '\0',NULL,1,2,'kPTTVY8Bqh496SUPd5F0','channel-31'),(582,NULL,_binary '\0',NULL,1,4,'kPTTVY8Bqh496SUPd5F0','channel-31'),(583,NULL,_binary '\0',NULL,1,2,'kfTTVY8Bqh496SUPopEw','channel-31'),(584,NULL,_binary '\0',NULL,1,4,'kfTTVY8Bqh496SUPopEw','channel-31'),(585,NULL,_binary '\0',NULL,1,2,'kvTnVY8Bqh496SUPjZHy','channel-31'),(586,NULL,_binary '\0',NULL,1,4,'kvTnVY8Bqh496SUPjZHy','channel-31'),(587,NULL,_binary '\0',NULL,1,2,'k_QeVo8Bqh496SUPSZGm','channel-27'),(588,NULL,_binary '\0',NULL,1,4,'k_QeVo8Bqh496SUPSZGm','channel-27'),(589,NULL,_binary '\0',NULL,1,5,'k_QeVo8Bqh496SUPSZGm','channel-27'),(590,NULL,_binary '\0',NULL,1,34,'k_QeVo8Bqh496SUPSZGm','channel-27'),(591,NULL,_binary '\0',NULL,1,35,'k_QeVo8Bqh496SUPSZGm','channel-27'),(592,NULL,_binary '\0',NULL,1,3,'k_QeVo8Bqh496SUPSZGm','channel-27'),(594,NULL,_binary '\0',NULL,1,2,'lPQeVo8Bqh496SUPvZFR','channel-27'),(595,NULL,_binary '\0',NULL,1,4,'lPQeVo8Bqh496SUPvZFR','channel-27'),(596,NULL,_binary '\0',NULL,1,5,'lPQeVo8Bqh496SUPvZFR','channel-27'),(597,NULL,_binary '\0',NULL,1,34,'lPQeVo8Bqh496SUPvZFR','channel-27'),(598,NULL,_binary '\0',NULL,1,35,'lPQeVo8Bqh496SUPvZFR','channel-27'),(599,NULL,_binary '\0',NULL,1,3,'lPQeVo8Bqh496SUPvZFR','channel-27'),(601,NULL,_binary '\0',NULL,1,2,'lfQfVo8Bqh496SUPcpFM','channel-56'),(603,NULL,_binary '\0',NULL,1,2,'lvQfVo8Bqh496SUP45Eo','channel-56'),(605,NULL,_binary '\0',NULL,1,2,'l_QgVo8Bqh496SUPZZHm','channel-56'),(607,NULL,_binary '\0',NULL,1,2,'mPQlVo8Bqh496SUPVZF0','channel-56'),(609,NULL,_binary '\0',NULL,1,2,'mfS-Vo8Bqh496SUPpJEz','channel-27'),(610,NULL,_binary '\0',NULL,1,4,'mfS-Vo8Bqh496SUPpJEz','channel-27'),(611,NULL,_binary '\0',NULL,1,5,'mfS-Vo8Bqh496SUPpJEz','channel-27'),(612,NULL,_binary '\0',NULL,1,34,'mfS-Vo8Bqh496SUPpJEz','channel-27'),(613,NULL,_binary '\0',NULL,1,35,'mfS-Vo8Bqh496SUPpJEz','channel-27'),(614,NULL,_binary '\0',NULL,1,3,'mfS-Vo8Bqh496SUPpJEz','channel-27'),(617,NULL,_binary '\0',NULL,1,2,'uvQIV48Bqh496SUPMpHo','channel-31'),(618,NULL,_binary '\0',NULL,1,4,'uvQIV48Bqh496SUPMpHo','channel-31'),(619,NULL,_binary '\0',NULL,1,2,'u_QLV48Bqh496SUPYJHe','channel-31'),(620,NULL,_binary '\0',NULL,1,4,'u_QLV48Bqh496SUPYJHe','channel-31'),(621,NULL,_binary '\0',NULL,1,2,'vPQLV48Bqh496SUP1JHb','channel-31'),(622,NULL,_binary '\0',NULL,1,4,'vPQLV48Bqh496SUP1JHb','channel-31'),(623,NULL,_binary '\0',NULL,1,2,'vfQRV48Bqh496SUPWJHQ','channel-31'),(624,NULL,_binary '\0',NULL,1,4,'vfQRV48Bqh496SUPWJHQ','channel-31'),(625,NULL,_binary '\0',NULL,1,2,'vvQRV48Bqh496SUP-JF2','channel-31'),(626,NULL,_binary '\0',NULL,1,4,'vvQRV48Bqh496SUP-JF2','channel-31'),(627,NULL,_binary '\0',NULL,1,2,'v_QZV48Bqh496SUPy5HY','channel-31'),(628,NULL,_binary '\0',NULL,1,4,'v_QZV48Bqh496SUPy5HY','channel-31'),(629,NULL,_binary '\0',NULL,1,2,'wPQaV48Bqh496SUPMpEJ','channel-31'),(630,NULL,_binary '\0',NULL,1,4,'wPQaV48Bqh496SUPMpEJ','channel-31'),(631,NULL,_binary '\0',NULL,1,2,'wfQdV48Bqh496SUP4ZF3','channel-27'),(632,NULL,_binary '\0',NULL,1,4,'wfQdV48Bqh496SUP4ZF3','channel-27'),(633,NULL,_binary '\0',NULL,1,5,'wfQdV48Bqh496SUP4ZF3','channel-27'),(634,NULL,_binary '\0',NULL,1,34,'wfQdV48Bqh496SUP4ZF3','channel-27'),(635,NULL,_binary '\0',NULL,1,35,'wfQdV48Bqh496SUP4ZF3','channel-27'),(636,NULL,_binary '\0',NULL,1,3,'wfQdV48Bqh496SUP4ZF3','channel-27'),(639,NULL,_binary '\0',NULL,1,2,'wvQeV48Bqh496SUPRJGi','channel-58'),(641,NULL,_binary '\0',NULL,1,2,'w_QeV48Bqh496SUPUpGU','channel-27'),(642,NULL,_binary '\0',NULL,1,4,'w_QeV48Bqh496SUPUpGU','channel-27'),(643,NULL,_binary '\0',NULL,1,5,'w_QeV48Bqh496SUPUpGU','channel-27'),(644,NULL,_binary '\0',NULL,1,34,'w_QeV48Bqh496SUPUpGU','channel-27'),(645,NULL,_binary '\0',NULL,1,35,'w_QeV48Bqh496SUPUpGU','channel-27'),(646,NULL,_binary '\0',NULL,1,3,'w_QeV48Bqh496SUPUpGU','channel-27'),(651,NULL,_binary '\0',NULL,1,2,'xfQeV48Bqh496SUPZJHP','channel-58'),(653,NULL,_binary '\0',NULL,1,2,'xvQeV48Bqh496SUPc5GY','channel-27'),(654,NULL,_binary '\0',NULL,1,4,'xvQeV48Bqh496SUPc5GY','channel-27'),(655,NULL,_binary '\0',NULL,1,5,'xvQeV48Bqh496SUPc5GY','channel-27'),(656,NULL,_binary '\0',NULL,1,34,'xvQeV48Bqh496SUPc5GY','channel-27'),(657,NULL,_binary '\0',NULL,1,35,'xvQeV48Bqh496SUPc5GY','channel-27'),(658,NULL,_binary '\0',NULL,1,3,'xvQeV48Bqh496SUPc5GY','channel-27'),(661,NULL,_binary '\0',NULL,1,2,'x_QeV48Bqh496SUPkpEX','channel-27'),(662,NULL,_binary '\0',NULL,1,4,'x_QeV48Bqh496SUPkpEX','channel-27'),(663,NULL,_binary '\0',NULL,1,5,'x_QeV48Bqh496SUPkpEX','channel-27'),(664,NULL,_binary '\0',NULL,1,34,'x_QeV48Bqh496SUPkpEX','channel-27'),(665,NULL,_binary '\0',NULL,1,35,'x_QeV48Bqh496SUPkpEX','channel-27'),(666,NULL,_binary '\0',NULL,1,3,'x_QeV48Bqh496SUPkpEX','channel-27'),(669,NULL,_binary '\0',NULL,1,2,'yPQeV48Bqh496SUPlJFt','channel-58'),(683,NULL,_binary '\0',NULL,1,2,'z_QfV48Bqh496SUPYZEi','channel-58'),(687,NULL,_binary '\0',NULL,1,2,'0fQfV48Bqh496SUPmJHJ','channel-58'),(691,NULL,_binary '\0',NULL,1,2,'0_QfV48Bqh496SUP9ZGs','channel-58'),(699,NULL,_binary '\0',NULL,1,2,'1_QkV48Bqh496SUPM5Ex','channel-27'),(700,NULL,_binary '\0',NULL,1,4,'1_QkV48Bqh496SUPM5Ex','channel-27'),(701,NULL,_binary '\0',NULL,1,5,'1_QkV48Bqh496SUPM5Ex','channel-27'),(702,NULL,_binary '\0',NULL,1,34,'1_QkV48Bqh496SUPM5Ex','channel-27'),(703,NULL,_binary '\0',NULL,1,35,'1_QkV48Bqh496SUPM5Ex','channel-27'),(704,NULL,_binary '\0',NULL,1,3,'1_QkV48Bqh496SUPM5Ex','channel-27'),(707,NULL,_binary '\0',NULL,1,2,'2PQlV48Bqh496SUP6pHl','channel-27'),(708,NULL,_binary '\0',NULL,1,4,'2PQlV48Bqh496SUP6pHl','channel-27'),(709,NULL,_binary '\0',NULL,1,5,'2PQlV48Bqh496SUP6pHl','channel-27'),(710,NULL,_binary '\0',NULL,1,34,'2PQlV48Bqh496SUP6pHl','channel-27'),(711,NULL,_binary '\0',NULL,1,35,'2PQlV48Bqh496SUP6pHl','channel-27'),(712,NULL,_binary '\0',NULL,1,3,'2PQlV48Bqh496SUP6pHl','channel-27'),(715,NULL,_binary '\0',NULL,1,2,'2fQmV48Bqh496SUPDZEv','channel-27'),(716,NULL,_binary '\0',NULL,1,4,'2fQmV48Bqh496SUPDZEv','channel-27'),(717,NULL,_binary '\0',NULL,1,5,'2fQmV48Bqh496SUPDZEv','channel-27'),(718,NULL,_binary '\0',NULL,1,34,'2fQmV48Bqh496SUPDZEv','channel-27'),(719,NULL,_binary '\0',NULL,1,35,'2fQmV48Bqh496SUPDZEv','channel-27'),(720,NULL,_binary '\0',NULL,1,3,'2fQmV48Bqh496SUPDZEv','channel-27'),(723,NULL,_binary '\0',NULL,1,2,'2vQmV48Bqh496SUPxZG_','channel-27'),(724,NULL,_binary '\0',NULL,1,4,'2vQmV48Bqh496SUPxZG_','channel-27'),(725,NULL,_binary '\0',NULL,1,5,'2vQmV48Bqh496SUPxZG_','channel-27'),(726,NULL,_binary '\0',NULL,1,34,'2vQmV48Bqh496SUPxZG_','channel-27'),(727,NULL,_binary '\0',NULL,1,35,'2vQmV48Bqh496SUPxZG_','channel-27'),(728,NULL,_binary '\0',NULL,1,3,'2vQmV48Bqh496SUPxZG_','channel-27'),(731,NULL,_binary '\0',NULL,1,2,'2_QmV48Bqh496SUP8JEq','channel-27'),(732,NULL,_binary '\0',NULL,1,4,'2_QmV48Bqh496SUP8JEq','channel-27'),(733,NULL,_binary '\0',NULL,1,5,'2_QmV48Bqh496SUP8JEq','channel-27'),(734,NULL,_binary '\0',NULL,1,34,'2_QmV48Bqh496SUP8JEq','channel-27'),(735,NULL,_binary '\0',NULL,1,35,'2_QmV48Bqh496SUP8JEq','channel-27'),(736,NULL,_binary '\0',NULL,1,3,'2_QmV48Bqh496SUP8JEq','channel-27'),(739,NULL,_binary '\0',NULL,1,2,'3PQoV48Bqh496SUPsJFI','channel-31'),(740,NULL,_binary '\0',NULL,1,4,'3PQoV48Bqh496SUPsJFI','channel-31'),(741,NULL,_binary '\0',NULL,1,2,'3fQpV48Bqh496SUPJpHh','channel-31'),(742,NULL,_binary '\0',NULL,1,4,'3fQpV48Bqh496SUPJpHh','channel-31'),(743,NULL,_binary '\0',NULL,1,2,'3vQwV48Bqh496SUPFZEc','channel-31'),(744,NULL,_binary '\0',NULL,1,4,'3vQwV48Bqh496SUPFZEc','channel-31'),(745,NULL,_binary '\0',NULL,1,2,'3_QwV48Bqh496SUPc5EZ','channel-31'),(746,NULL,_binary '\0',NULL,1,4,'3_QwV48Bqh496SUPc5EZ','channel-31'),(747,NULL,_binary '\0',NULL,1,2,'4PRGV48Bqh496SUPy5Eo','channel-31'),(748,NULL,_binary '\0',NULL,1,4,'4PRGV48Bqh496SUPy5Eo','channel-31'),(749,NULL,_binary '\0',NULL,1,2,'4fRGV48Bqh496SUP_pFw','channel-31'),(750,NULL,_binary '\0',NULL,1,4,'4fRGV48Bqh496SUP_pFw','channel-31'),(751,NULL,_binary '\0',NULL,1,2,'4vRHV48Bqh496SUPapGj','channel-31'),(752,NULL,_binary '\0',NULL,1,4,'4vRHV48Bqh496SUPapGj','channel-31'),(753,NULL,_binary '\0',NULL,1,2,'4_RNV48Bqh496SUPEpGp','channel-27'),(754,NULL,_binary '\0',NULL,1,4,'4_RNV48Bqh496SUPEpGp','channel-27'),(755,NULL,_binary '\0',NULL,1,5,'4_RNV48Bqh496SUPEpGp','channel-27'),(756,NULL,_binary '\0',NULL,1,34,'4_RNV48Bqh496SUPEpGp','channel-27'),(757,NULL,_binary '\0',NULL,1,35,'4_RNV48Bqh496SUPEpGp','channel-27'),(758,NULL,_binary '\0',NULL,1,3,'4_RNV48Bqh496SUPEpGp','channel-27'),(761,NULL,_binary '\0',NULL,1,2,'5PRNV48Bqh496SUPMpFq','channel-31'),(762,NULL,_binary '\0',NULL,1,4,'5PRNV48Bqh496SUPMpFq','channel-31'),(763,NULL,_binary '\0',NULL,1,2,'5fRjV48Bqh496SUPBZGA','channel-31'),(764,NULL,_binary '\0',NULL,1,4,'5fRjV48Bqh496SUPBZGA','channel-31'),(765,NULL,_binary '\0',NULL,1,2,'5vR0V48Bqh496SUPyJFC','channel-56'),(767,NULL,_binary '\0',NULL,1,2,'5_R1V48Bqh496SUPDJEf','channel-58'),(769,NULL,_binary '\0',NULL,1,2,'6PSBV48Bqh496SUPBJGi','channel-31'),(770,NULL,_binary '\0',NULL,1,4,'6PSBV48Bqh496SUPBJGi','channel-31'),(771,NULL,_binary '\0',NULL,1,2,'6fSBV48Bqh496SUPT5Fx','channel-31'),(772,NULL,_binary '\0',NULL,1,4,'6fSBV48Bqh496SUPT5Fx','channel-31'),(773,NULL,_binary '\0',NULL,1,2,'6vS6V48Bqh496SUPnpFj','channel-31'),(774,NULL,_binary '\0',NULL,1,4,'6vS6V48Bqh496SUPnpFj','channel-31'),(775,NULL,_binary '\0',NULL,1,2,'6_S6V48Bqh496SUPsJEj','channel-31'),(776,NULL,_binary '\0',NULL,1,4,'6_S6V48Bqh496SUPsJEj','channel-31'),(777,NULL,_binary '\0',NULL,1,2,'7PS7V48Bqh496SUPBpHV','channel-31'),(778,NULL,_binary '\0',NULL,1,4,'7PS7V48Bqh496SUPBpHV','channel-31'),(779,NULL,_binary '\0',NULL,1,2,'7fS_V48Bqh496SUPeJGG','channel-27'),(780,NULL,_binary '\0',NULL,1,4,'7fS_V48Bqh496SUPeJGG','channel-27'),(781,NULL,_binary '\0',NULL,1,5,'7fS_V48Bqh496SUPeJGG','channel-27'),(782,NULL,_binary '\0',NULL,1,34,'7fS_V48Bqh496SUPeJGG','channel-27'),(783,NULL,_binary '\0',NULL,1,35,'7fS_V48Bqh496SUPeJGG','channel-27'),(784,NULL,_binary '\0',NULL,1,3,'7fS_V48Bqh496SUPeJGG','channel-27'),(787,NULL,_binary '\0',NULL,1,2,'7vS_V48Bqh496SUPnZGJ','channel-27'),(788,NULL,_binary '\0',NULL,1,4,'7vS_V48Bqh496SUPnZGJ','channel-27'),(789,NULL,_binary '\0',NULL,1,5,'7vS_V48Bqh496SUPnZGJ','channel-27'),(790,NULL,_binary '\0',NULL,1,34,'7vS_V48Bqh496SUPnZGJ','channel-27'),(791,NULL,_binary '\0',NULL,1,35,'7vS_V48Bqh496SUPnZGJ','channel-27'),(792,NULL,_binary '\0',NULL,1,3,'7vS_V48Bqh496SUPnZGJ','channel-27'),(795,NULL,_binary '\0',NULL,1,2,'7_S_V48Bqh496SUPtZG9','channel-27'),(796,NULL,_binary '\0',NULL,1,4,'7_S_V48Bqh496SUPtZG9','channel-27'),(797,NULL,_binary '\0',NULL,1,5,'7_S_V48Bqh496SUPtZG9','channel-27'),(798,NULL,_binary '\0',NULL,1,34,'7_S_V48Bqh496SUPtZG9','channel-27'),(799,NULL,_binary '\0',NULL,1,35,'7_S_V48Bqh496SUPtZG9','channel-27'),(800,NULL,_binary '\0',NULL,1,3,'7_S_V48Bqh496SUPtZG9','channel-27'),(803,NULL,_binary '\0',NULL,1,2,'8PS_V48Bqh496SUPyZFW','channel-27'),(804,NULL,_binary '\0',NULL,1,4,'8PS_V48Bqh496SUPyZFW','channel-27'),(805,NULL,_binary '\0',NULL,1,5,'8PS_V48Bqh496SUPyZFW','channel-27'),(806,NULL,_binary '\0',NULL,1,34,'8PS_V48Bqh496SUPyZFW','channel-27'),(807,NULL,_binary '\0',NULL,1,35,'8PS_V48Bqh496SUPyZFW','channel-27'),(808,NULL,_binary '\0',NULL,1,3,'8PS_V48Bqh496SUPyZFW','channel-27'),(811,NULL,_binary '\0',NULL,1,2,'8fS_V48Bqh496SUP4JG3','channel-27'),(812,NULL,_binary '\0',NULL,1,4,'8fS_V48Bqh496SUP4JG3','channel-27'),(813,NULL,_binary '\0',NULL,1,5,'8fS_V48Bqh496SUP4JG3','channel-27'),(814,NULL,_binary '\0',NULL,1,34,'8fS_V48Bqh496SUP4JG3','channel-27'),(815,NULL,_binary '\0',NULL,1,35,'8fS_V48Bqh496SUP4JG3','channel-27'),(816,NULL,_binary '\0',NULL,1,3,'8fS_V48Bqh496SUP4JG3','channel-27'),(819,NULL,_binary '\0',NULL,1,2,'8vS_V48Bqh496SUP95EB','channel-27'),(820,NULL,_binary '\0',NULL,1,4,'8vS_V48Bqh496SUP95EB','channel-27'),(821,NULL,_binary '\0',NULL,1,5,'8vS_V48Bqh496SUP95EB','channel-27'),(822,NULL,_binary '\0',NULL,1,34,'8vS_V48Bqh496SUP95EB','channel-27'),(823,NULL,_binary '\0',NULL,1,35,'8vS_V48Bqh496SUP95EB','channel-27'),(824,NULL,_binary '\0',NULL,1,3,'8vS_V48Bqh496SUP95EB','channel-27'),(827,NULL,_binary '\0',NULL,1,2,'8_TAV48Bqh496SUPBZG-','channel-27'),(828,NULL,_binary '\0',NULL,1,4,'8_TAV48Bqh496SUPBZG-','channel-27'),(829,NULL,_binary '\0',NULL,1,5,'8_TAV48Bqh496SUPBZG-','channel-27'),(830,NULL,_binary '\0',NULL,1,34,'8_TAV48Bqh496SUPBZG-','channel-27'),(831,NULL,_binary '\0',NULL,1,35,'8_TAV48Bqh496SUPBZG-','channel-27'),(832,NULL,_binary '\0',NULL,1,3,'8_TAV48Bqh496SUPBZG-','channel-27'),(835,NULL,_binary '\0',NULL,1,2,'9PTAV48Bqh496SUPH5E1','channel-27'),(836,NULL,_binary '\0',NULL,1,4,'9PTAV48Bqh496SUPH5E1','channel-27'),(837,NULL,_binary '\0',NULL,1,5,'9PTAV48Bqh496SUPH5E1','channel-27'),(838,NULL,_binary '\0',NULL,1,34,'9PTAV48Bqh496SUPH5E1','channel-27'),(839,NULL,_binary '\0',NULL,1,35,'9PTAV48Bqh496SUPH5E1','channel-27'),(840,NULL,_binary '\0',NULL,1,3,'9PTAV48Bqh496SUPH5E1','channel-27'),(843,NULL,_binary '\0',NULL,1,2,'9fTAV48Bqh496SUPOJHI','channel-27'),(844,NULL,_binary '\0',NULL,1,4,'9fTAV48Bqh496SUPOJHI','channel-27'),(845,NULL,_binary '\0',NULL,1,5,'9fTAV48Bqh496SUPOJHI','channel-27'),(846,NULL,_binary '\0',NULL,1,34,'9fTAV48Bqh496SUPOJHI','channel-27'),(847,NULL,_binary '\0',NULL,1,35,'9fTAV48Bqh496SUPOJHI','channel-27'),(848,NULL,_binary '\0',NULL,1,3,'9fTAV48Bqh496SUPOJHI','channel-27'),(851,NULL,_binary '\0',NULL,1,2,'9vTAV48Bqh496SUPT5EY','channel-27'),(852,NULL,_binary '\0',NULL,1,4,'9vTAV48Bqh496SUPT5EY','channel-27'),(853,NULL,_binary '\0',NULL,1,5,'9vTAV48Bqh496SUPT5EY','channel-27'),(854,NULL,_binary '\0',NULL,1,34,'9vTAV48Bqh496SUPT5EY','channel-27'),(855,NULL,_binary '\0',NULL,1,35,'9vTAV48Bqh496SUPT5EY','channel-27'),(856,NULL,_binary '\0',NULL,1,3,'9vTAV48Bqh496SUPT5EY','channel-27'),(859,NULL,_binary '\0',NULL,1,2,'9_TAV48Bqh496SUPapEG','channel-27'),(860,NULL,_binary '\0',NULL,1,4,'9_TAV48Bqh496SUPapEG','channel-27'),(861,NULL,_binary '\0',NULL,1,5,'9_TAV48Bqh496SUPapEG','channel-27'),(862,NULL,_binary '\0',NULL,1,34,'9_TAV48Bqh496SUPapEG','channel-27'),(863,NULL,_binary '\0',NULL,1,35,'9_TAV48Bqh496SUPapEG','channel-27'),(864,NULL,_binary '\0',NULL,1,3,'9_TAV48Bqh496SUPapEG','channel-27'),(867,NULL,_binary '\0',NULL,1,2,'-PTAV48Bqh496SUPhZE7','channel-27'),(868,NULL,_binary '\0',NULL,1,4,'-PTAV48Bqh496SUPhZE7','channel-27'),(869,NULL,_binary '\0',NULL,1,5,'-PTAV48Bqh496SUPhZE7','channel-27'),(870,NULL,_binary '\0',NULL,1,34,'-PTAV48Bqh496SUPhZE7','channel-27'),(871,NULL,_binary '\0',NULL,1,35,'-PTAV48Bqh496SUPhZE7','channel-27'),(872,NULL,_binary '\0',NULL,1,3,'-PTAV48Bqh496SUPhZE7','channel-27'),(875,NULL,_binary '\0',NULL,1,2,'-fTAV48Bqh496SUPkJE4','channel-27'),(876,NULL,_binary '\0',NULL,1,4,'-fTAV48Bqh496SUPkJE4','channel-27'),(877,NULL,_binary '\0',NULL,1,5,'-fTAV48Bqh496SUPkJE4','channel-27'),(878,NULL,_binary '\0',NULL,1,34,'-fTAV48Bqh496SUPkJE4','channel-27'),(879,NULL,_binary '\0',NULL,1,35,'-fTAV48Bqh496SUPkJE4','channel-27'),(880,NULL,_binary '\0',NULL,1,3,'-fTAV48Bqh496SUPkJE4','channel-27'),(883,NULL,_binary '\0',NULL,1,2,'-vTAV48Bqh496SUPkZEj','channel-27'),(884,NULL,_binary '\0',NULL,1,4,'-vTAV48Bqh496SUPkZEj','channel-27'),(885,NULL,_binary '\0',NULL,1,5,'-vTAV48Bqh496SUPkZEj','channel-27'),(886,NULL,_binary '\0',NULL,1,34,'-vTAV48Bqh496SUPkZEj','channel-27'),(887,NULL,_binary '\0',NULL,1,35,'-vTAV48Bqh496SUPkZEj','channel-27'),(888,NULL,_binary '\0',NULL,1,3,'-vTAV48Bqh496SUPkZEj','channel-27'),(891,NULL,_binary '\0',NULL,1,2,'-_TAV48Bqh496SUPk5FH','channel-27'),(892,NULL,_binary '\0',NULL,1,4,'-_TAV48Bqh496SUPk5FH','channel-27'),(893,NULL,_binary '\0',NULL,1,5,'-_TAV48Bqh496SUPk5FH','channel-27'),(894,NULL,_binary '\0',NULL,1,34,'-_TAV48Bqh496SUPk5FH','channel-27'),(895,NULL,_binary '\0',NULL,1,35,'-_TAV48Bqh496SUPk5FH','channel-27'),(896,NULL,_binary '\0',NULL,1,3,'-_TAV48Bqh496SUPk5FH','channel-27'),(899,NULL,_binary '\0',NULL,1,2,'_PTAV48Bqh496SUPlJEr','channel-27'),(900,NULL,_binary '\0',NULL,1,4,'_PTAV48Bqh496SUPlJEr','channel-27'),(901,NULL,_binary '\0',NULL,1,5,'_PTAV48Bqh496SUPlJEr','channel-27'),(902,NULL,_binary '\0',NULL,1,34,'_PTAV48Bqh496SUPlJEr','channel-27'),(903,NULL,_binary '\0',NULL,1,35,'_PTAV48Bqh496SUPlJEr','channel-27'),(904,NULL,_binary '\0',NULL,1,3,'_PTAV48Bqh496SUPlJEr','channel-27'),(907,NULL,_binary '\0',NULL,1,2,'_fTAV48Bqh496SUPpZGQ','channel-27'),(908,NULL,_binary '\0',NULL,1,4,'_fTAV48Bqh496SUPpZGQ','channel-27'),(909,NULL,_binary '\0',NULL,1,5,'_fTAV48Bqh496SUPpZGQ','channel-27'),(910,NULL,_binary '\0',NULL,1,34,'_fTAV48Bqh496SUPpZGQ','channel-27'),(911,NULL,_binary '\0',NULL,1,35,'_fTAV48Bqh496SUPpZGQ','channel-27'),(912,NULL,_binary '\0',NULL,1,3,'_fTAV48Bqh496SUPpZGQ','channel-27'),(915,NULL,_binary '\0',NULL,1,2,'_vTAV48Bqh496SUPqZGN','channel-27'),(916,NULL,_binary '\0',NULL,1,4,'_vTAV48Bqh496SUPqZGN','channel-27'),(917,NULL,_binary '\0',NULL,1,5,'_vTAV48Bqh496SUPqZGN','channel-27'),(918,NULL,_binary '\0',NULL,1,34,'_vTAV48Bqh496SUPqZGN','channel-27'),(919,NULL,_binary '\0',NULL,1,35,'_vTAV48Bqh496SUPqZGN','channel-27'),(920,NULL,_binary '\0',NULL,1,3,'_vTAV48Bqh496SUPqZGN','channel-27'),(923,NULL,_binary '\0',NULL,1,2,'__TAV48Bqh496SUPqpGQ','channel-27'),(924,NULL,_binary '\0',NULL,1,4,'__TAV48Bqh496SUPqpGQ','channel-27'),(925,NULL,_binary '\0',NULL,1,5,'__TAV48Bqh496SUPqpGQ','channel-27'),(926,NULL,_binary '\0',NULL,1,34,'__TAV48Bqh496SUPqpGQ','channel-27'),(927,NULL,_binary '\0',NULL,1,35,'__TAV48Bqh496SUPqpGQ','channel-27'),(928,NULL,_binary '\0',NULL,1,3,'__TAV48Bqh496SUPqpGQ','channel-27'),(931,NULL,_binary '\0',NULL,1,2,'APTAV48Bqh496SUPypJN','channel-27'),(932,NULL,_binary '\0',NULL,1,4,'APTAV48Bqh496SUPypJN','channel-27'),(933,NULL,_binary '\0',NULL,1,5,'APTAV48Bqh496SUPypJN','channel-27'),(934,NULL,_binary '\0',NULL,1,34,'APTAV48Bqh496SUPypJN','channel-27'),(935,NULL,_binary '\0',NULL,1,35,'APTAV48Bqh496SUPypJN','channel-27'),(936,NULL,_binary '\0',NULL,1,3,'APTAV48Bqh496SUPypJN','channel-27'),(939,NULL,_binary '\0',NULL,1,2,'AfTAV48Bqh496SUP0ZIE','channel-27'),(940,NULL,_binary '\0',NULL,1,4,'AfTAV48Bqh496SUP0ZIE','channel-27'),(941,NULL,_binary '\0',NULL,1,5,'AfTAV48Bqh496SUP0ZIE','channel-27'),(942,NULL,_binary '\0',NULL,1,34,'AfTAV48Bqh496SUP0ZIE','channel-27'),(943,NULL,_binary '\0',NULL,1,35,'AfTAV48Bqh496SUP0ZIE','channel-27'),(944,NULL,_binary '\0',NULL,1,3,'AfTAV48Bqh496SUP0ZIE','channel-27'),(947,NULL,_binary '\0',NULL,1,2,'IvS8Wo8Bqh496SUPjJLD','channel-31'),(948,NULL,_binary '\0',NULL,1,4,'IvS8Wo8Bqh496SUPjJLD','channel-31'),(949,NULL,_binary '\0',NULL,1,2,'I_S8Wo8Bqh496SUPx5Io','channel-31'),(950,NULL,_binary '\0',NULL,1,4,'I_S8Wo8Bqh496SUPx5Io','channel-31'),(951,NULL,_binary '\0',NULL,1,2,'JPS9Wo8Bqh496SUPEZLk','channel-31'),(952,NULL,_binary '\0',NULL,1,4,'JPS9Wo8Bqh496SUPEZLk','channel-31'),(953,NULL,_binary '\0',NULL,1,2,'MfQKW48Bqh496SUP_5Kp','channel-31'),(954,NULL,_binary '\0',NULL,1,4,'MfQKW48Bqh496SUP_5Kp','channel-31'),(955,NULL,_binary '\0',NULL,1,2,'MvQLW48Bqh496SUPUJI9','channel-31'),(956,NULL,_binary '\0',NULL,1,4,'MvQLW48Bqh496SUPUJI9','channel-31'),(967,NULL,_binary '\0',NULL,1,2,'OPQQXI8Bqh496SUPSJLq','channel-31'),(968,NULL,_binary '\0',NULL,1,4,'OPQQXI8Bqh496SUPSJLq','channel-31'),(969,NULL,_binary '\0',NULL,1,2,'OfQQXI8Bqh496SUPhpKE','channel-31'),(970,NULL,_binary '\0',NULL,1,4,'OfQQXI8Bqh496SUPhpKE','channel-31'),(971,NULL,_binary '\0',NULL,1,2,'OvQQXI8Bqh496SUP8ZIn','channel-31'),(972,NULL,_binary '\0',NULL,1,4,'OvQQXI8Bqh496SUP8ZIn','channel-31'),(977,NULL,_binary '\0',NULL,1,2,'PfQjXI8Bqh496SUP05Jh','channel-31'),(978,NULL,_binary '\0',NULL,1,4,'PfQjXI8Bqh496SUP05Jh','channel-31'),(979,NULL,_binary '\0',NULL,1,2,'o_SJYo8Bqh496SUP1ZKa','channel-31'),(980,NULL,_binary '\0',NULL,1,4,'o_SJYo8Bqh496SUP1ZKa','channel-31'),(981,NULL,_binary '\0',NULL,1,2,'pPSWYo8Bqh496SUPt5Jn','channel-31'),(982,NULL,_binary '\0',NULL,1,4,'pPSWYo8Bqh496SUPt5Jn','channel-31'),(983,NULL,_binary '\0',NULL,1,2,'pfSaYo8Bqh496SUPlZLw','channel-31'),(984,NULL,_binary '\0',NULL,1,4,'pfSaYo8Bqh496SUPlZLw','channel-31'),(985,NULL,_binary '\0',NULL,1,2,'pvSeYo8Bqh496SUPGpKp','channel-31'),(986,NULL,_binary '\0',NULL,1,4,'pvSeYo8Bqh496SUPGpKp','channel-31'),(987,NULL,_binary '\0',NULL,1,2,'p_SgYo8Bqh496SUPu5L0','channel-31'),(988,NULL,_binary '\0',NULL,1,4,'p_SgYo8Bqh496SUPu5L0','channel-31'),(989,NULL,_binary '\0',NULL,1,2,'qPSgYo8Bqh496SUP65Io','channel-31'),(990,NULL,_binary '\0',NULL,1,4,'qPSgYo8Bqh496SUP65Io','channel-31'),(991,NULL,_binary '\0',NULL,1,2,'qfShYo8Bqh496SUPHJJT','channel-31'),(992,NULL,_binary '\0',NULL,1,4,'qfShYo8Bqh496SUPHJJT','channel-31'),(993,NULL,_binary '\0',NULL,1,2,'qvShYo8Bqh496SUPjJLT','channel-31'),(994,NULL,_binary '\0',NULL,1,4,'qvShYo8Bqh496SUPjJLT','channel-31'),(995,NULL,_binary '\0',NULL,1,2,'q_SiYo8Bqh496SUPX5Ll','channel-31'),(996,NULL,_binary '\0',NULL,1,4,'q_SiYo8Bqh496SUPX5Ll','channel-31'),(997,NULL,_binary '\0',NULL,1,2,'rPSnYo8Bqh496SUPSJJC','channel-31'),(998,NULL,_binary '\0',NULL,1,4,'rPSnYo8Bqh496SUPSJJC','channel-31'),(999,NULL,_binary '\0',NULL,1,2,'rfSnYo8Bqh496SUPl5IE','channel-31'),(1000,NULL,_binary '\0',NULL,1,4,'rfSnYo8Bqh496SUPl5IE','channel-31'),(1001,NULL,_binary '\0',NULL,1,2,'rvRrZo8Bqh496SUPf5IH','channel-31'),(1002,NULL,_binary '\0',NULL,1,2,'rvRrZo8Bqh496SUPf5IH','channel-31'),(1003,NULL,_binary '\0',NULL,1,4,'rvRrZo8Bqh496SUPf5IH','channel-31'),(1004,NULL,_binary '\0',NULL,1,4,'rvRrZo8Bqh496SUPf5IH','channel-31'),(1005,NULL,_binary '\0',NULL,1,2,'r_RsZo8Bqh496SUPP5LU','channel-31'),(1006,NULL,_binary '\0',NULL,1,4,'r_RsZo8Bqh496SUPP5LU','channel-31'),(1007,NULL,_binary '\0',NULL,1,2,'sPRuZo8Bqh496SUPkZJl','channel-31'),(1008,NULL,_binary '\0',NULL,1,4,'sPRuZo8Bqh496SUPkZJl','channel-31'),(1009,NULL,_binary '\0',NULL,1,2,'sfR_Zo8Bqh496SUPN5J2','channel-31'),(1010,NULL,_binary '\0',NULL,1,4,'sfR_Zo8Bqh496SUPN5J2','channel-31'),(1011,NULL,_binary '\0',NULL,1,2,'svSBZo8Bqh496SUPU5Iw','channel-31'),(1012,NULL,_binary '\0',NULL,1,4,'svSBZo8Bqh496SUPU5Iw','channel-31'),(1013,NULL,_binary '\0',NULL,1,2,'s_TSZo8Bqh496SUP9pJt','channel-39'),(1014,NULL,_binary '\0',NULL,1,5,'s_TSZo8Bqh496SUP9pJt','channel-39'),(1015,NULL,_binary '\0',NULL,1,2,'tPTTZo8Bqh496SUPXZLD','channel-39'),(1016,NULL,_binary '\0',NULL,1,5,'tPTTZo8Bqh496SUPXZLD','channel-39'),(1017,NULL,_binary '\0',NULL,1,2,'tfTfZo8Bqh496SUPuZKZ','channel-39'),(1018,NULL,_binary '\0',NULL,1,5,'tfTfZo8Bqh496SUPuZKZ','channel-39'),(1019,NULL,_binary '\0',NULL,1,2,'tfTfZo8Bqh496SUPuZKZ','channel-39'),(1020,NULL,_binary '\0',NULL,1,5,'tfTfZo8Bqh496SUPuZKZ','channel-39'),(1021,NULL,_binary '\0',NULL,1,2,'tvT3Zo8Bqh496SUPk5Ky','channel-39'),(1022,NULL,_binary '\0',NULL,1,2,'tvT3Zo8Bqh496SUPk5Ky','channel-39'),(1023,NULL,_binary '\0',NULL,1,5,'tvT3Zo8Bqh496SUPk5Ky','channel-39'),(1024,NULL,_binary '\0',NULL,1,5,'tvT3Zo8Bqh496SUPk5Ky','channel-39'),(1025,NULL,_binary '\0',NULL,1,2,'t_QlZ48Bqh496SUP3JLG','channel-31'),(1026,NULL,_binary '\0',NULL,1,2,'t_QlZ48Bqh496SUP3JLG','channel-31'),(1027,NULL,_binary '\0',NULL,1,4,'t_QlZ48Bqh496SUP3JLG','channel-31'),(1028,NULL,_binary '\0',NULL,1,4,'t_QlZ48Bqh496SUP3JLG','channel-31'),(1029,NULL,_binary '\0',NULL,1,2,'uPR0Z48Bqh496SUPqZLH','channel-31'),(1030,NULL,_binary '\0',NULL,1,2,'uPR0Z48Bqh496SUPqZLH','channel-31'),(1031,NULL,_binary '\0',NULL,1,4,'uPR0Z48Bqh496SUPqZLH','channel-31'),(1032,NULL,_binary '\0',NULL,1,4,'uPR0Z48Bqh496SUPqZLH','channel-31'),(1033,NULL,_binary '\0',NULL,1,2,'ufTfcI8Bqh496SUPPpLQ','channel-39'),(1034,NULL,_binary '\0',NULL,1,2,'ufTfcI8Bqh496SUPPpLQ','channel-39'),(1035,NULL,_binary '\0',NULL,1,5,'ufTfcI8Bqh496SUPPpLQ','channel-39'),(1036,NULL,_binary '\0',NULL,1,5,'ufTfcI8Bqh496SUPPpLQ','channel-39'),(1037,NULL,_binary '\0',NULL,1,2,'uvRFcY8Bqh496SUPaJKp','channel-31'),(1038,NULL,_binary '\0',NULL,1,4,'uvRFcY8Bqh496SUPaJKp','channel-31'),(1039,NULL,_binary '\0',NULL,1,2,'u_RFcY8Bqh496SUPvJKB','channel-31'),(1040,NULL,_binary '\0',NULL,1,4,'u_RFcY8Bqh496SUPvJKB','channel-31'),(1041,NULL,_binary '\0',NULL,1,2,'vPS8cY8Bqh496SUPPpKo','channel-31'),(1042,NULL,_binary '\0',NULL,1,4,'vPS8cY8Bqh496SUPPpKo','channel-31'),(1043,NULL,_binary '\0',NULL,1,2,'vfS8cY8Bqh496SUPw5Kj','channel-31'),(1044,NULL,_binary '\0',NULL,1,4,'vfS8cY8Bqh496SUPw5Kj','channel-31'),(1045,NULL,_binary '\0',NULL,1,2,'vvTKcY8Bqh496SUPipJX','channel-31'),(1046,NULL,_binary '\0',NULL,1,4,'vvTKcY8Bqh496SUPipJX','channel-31'),(1047,NULL,_binary '\0',NULL,1,2,'v_TKcY8Bqh496SUP0ZLp','channel-31'),(1048,NULL,_binary '\0',NULL,1,4,'v_TKcY8Bqh496SUP0ZLp','channel-31'),(1049,NULL,_binary '\0',NULL,1,2,'wPTdcY8Bqh496SUPSZIc','channel-31'),(1050,NULL,_binary '\0',NULL,1,4,'wPTdcY8Bqh496SUPSZIc','channel-31'),(1051,NULL,_binary '\0',NULL,1,2,'wfTdcY8Bqh496SUPqZKH','channel-31'),(1052,NULL,_binary '\0',NULL,1,4,'wfTdcY8Bqh496SUPqZKH','channel-31'),(1053,NULL,_binary '\0',NULL,1,2,'wvTtcY8Bqh496SUPEpKx','channel-31'),(1054,NULL,_binary '\0',NULL,1,4,'wvTtcY8Bqh496SUPEpKx','channel-31'),(1055,NULL,_binary '\0',NULL,1,2,'w_TtcY8Bqh496SUPm5Lp','channel-31'),(1056,NULL,_binary '\0',NULL,1,4,'w_TtcY8Bqh496SUPm5Lp','channel-31'),(1057,NULL,_binary '\0',NULL,1,2,'xPT2cY8Bqh496SUPN5K_','channel-31'),(1058,NULL,_binary '\0',NULL,1,4,'xPT2cY8Bqh496SUPN5K_','channel-31'),(1059,NULL,_binary '\0',NULL,1,2,'xfT2cY8Bqh496SUPlpJc','channel-31'),(1060,NULL,_binary '\0',NULL,1,4,'xfT2cY8Bqh496SUPlpJc','channel-31'),(1061,NULL,_binary '\0',NULL,1,2,'xvT3cY8Bqh496SUPT5Jx','channel-31'),(1062,NULL,_binary '\0',NULL,1,4,'xvT3cY8Bqh496SUPT5Jx','channel-31'),(1063,NULL,_binary '\0',NULL,1,2,'x_T3cY8Bqh496SUPa5IE','channel-31'),(1064,NULL,_binary '\0',NULL,1,4,'x_T3cY8Bqh496SUPa5IE','channel-31'),(1065,NULL,_binary '\0',NULL,1,2,'NvQOco8Bqh496SUPT5Of','channel-31'),(1066,NULL,_binary '\0',NULL,1,4,'NvQOco8Bqh496SUPT5Of','channel-31'),(1067,NULL,_binary '\0',NULL,1,2,'N_QOco8Bqh496SUPk5N1','channel-31'),(1068,NULL,_binary '\0',NULL,1,4,'N_QOco8Bqh496SUPk5N1','channel-31'),(1069,NULL,_binary '\0',NULL,1,2,'OPQXco8Bqh496SUPd5Nh','channel-31'),(1070,NULL,_binary '\0',NULL,1,4,'OPQXco8Bqh496SUPd5Nh','channel-31'),(1071,NULL,_binary '\0',NULL,1,2,'OfQXco8Bqh496SUPxJNx','channel-31'),(1072,NULL,_binary '\0',NULL,1,4,'OfQXco8Bqh496SUPxJNx','channel-31'),(1073,NULL,_binary '\0',NULL,1,2,'OvQdco8Bqh496SUP_5Pi','channel-31'),(1074,NULL,_binary '\0',NULL,1,4,'OvQdco8Bqh496SUP_5Pi','channel-31'),(1075,NULL,_binary '\0',NULL,1,2,'O_Qeco8Bqh496SUPPZNS','channel-31'),(1076,NULL,_binary '\0',NULL,1,4,'O_Qeco8Bqh496SUPPZNS','channel-31'),(1077,NULL,_binary '\0',NULL,1,2,'SPSldI8Bqh496SUPnZOC','channel-31'),(1078,NULL,_binary '\0',NULL,1,4,'SPSldI8Bqh496SUPnZOC','channel-31'),(1079,NULL,_binary '\0',NULL,1,2,'SfSldI8Bqh496SUP0pPB','channel-31'),(1080,NULL,_binary '\0',NULL,1,4,'SfSldI8Bqh496SUP0pPB','channel-31'),(1081,NULL,_binary '\0',NULL,1,2,'SvRhdY8Bqh496SUP0ZNV','channel-31'),(1082,NULL,_binary '\0',NULL,1,4,'SvRhdY8Bqh496SUP0ZNV','channel-31'),(1083,NULL,_binary '\0',NULL,1,2,'S_SjdY8Bqh496SUPUJND','channel-31'),(1084,NULL,_binary '\0',NULL,1,4,'S_SjdY8Bqh496SUPUJND','channel-31'),(1085,NULL,_binary '\0',NULL,1,2,'TPSjdY8Bqh496SUPgZPL','channel-31'),(1086,NULL,_binary '\0',NULL,1,4,'TPSjdY8Bqh496SUPgZPL','channel-31'),(1087,NULL,_binary '\0',NULL,1,2,'TfSndY8Bqh496SUPPJPd','channel-31'),(1088,NULL,_binary '\0',NULL,1,4,'TfSndY8Bqh496SUPPJPd','channel-31'),(1089,NULL,_binary '\0',NULL,1,2,'TvSndY8Bqh496SUPb5NF','channel-31'),(1090,NULL,_binary '\0',NULL,1,4,'TvSndY8Bqh496SUPb5NF','channel-31'),(1091,NULL,_binary '\0',NULL,1,2,'T_SzdY8Bqh496SUP05PQ','channel-31'),(1092,NULL,_binary '\0',NULL,1,4,'T_SzdY8Bqh496SUP05PQ','channel-31'),(1093,NULL,_binary '\0',NULL,1,2,'UPS0dY8Bqh496SUPAJO-','channel-31'),(1094,NULL,_binary '\0',NULL,1,4,'UPS0dY8Bqh496SUPAJO-','channel-31'),(1095,NULL,_binary '\0',NULL,1,2,'UfS0dY8Bqh496SUPNpPc','channel-31'),(1096,NULL,_binary '\0',NULL,1,4,'UfS0dY8Bqh496SUPNpPc','channel-31'),(1097,NULL,_binary '\0',NULL,1,2,'UvTgdY8Bqh496SUPzZP3','channel-31'),(1098,NULL,_binary '\0',NULL,1,4,'UvTgdY8Bqh496SUPzZP3','channel-31'),(1099,NULL,_binary '\0',NULL,1,2,'U_ThdY8Bqh496SUPCpMR','channel-31'),(1100,NULL,_binary '\0',NULL,1,4,'U_ThdY8Bqh496SUPCpMR','channel-31'),(1101,NULL,_binary '\0',NULL,1,2,'VPTqdY8Bqh496SUPiJMU','channel-31'),(1102,NULL,_binary '\0',NULL,1,4,'VPTqdY8Bqh496SUPiJMU','channel-31'),(1103,NULL,_binary '\0',NULL,1,2,'VfTqdY8Bqh496SUP2pN9','channel-31'),(1104,NULL,_binary '\0',NULL,1,4,'VfTqdY8Bqh496SUP2pN9','channel-31'),(1105,NULL,_binary '\0',NULL,1,2,'VvTvdY8Bqh496SUPlJOK','channel-31'),(1106,NULL,_binary '\0',NULL,1,4,'VvTvdY8Bqh496SUPlJOK','channel-31'),(1107,NULL,_binary '\0',NULL,1,2,'V_TvdY8Bqh496SUP2pMx','channel-31'),(1108,NULL,_binary '\0',NULL,1,4,'V_TvdY8Bqh496SUP2pMx','channel-31'),(1109,NULL,_binary '\0',NULL,1,2,'WPT1dY8Bqh496SUPOZN0','channel-31'),(1110,NULL,_binary '\0',NULL,1,4,'WPT1dY8Bqh496SUPOZN0','channel-31'),(1111,NULL,_binary '\0',NULL,1,2,'WfT1dY8Bqh496SUPfJPl','channel-31'),(1112,NULL,_binary '\0',NULL,1,4,'WfT1dY8Bqh496SUPfJPl','channel-31'),(1113,NULL,_binary '\0',NULL,1,2,'WvQBdo8Bqh496SUP5pP-','channel-31'),(1114,NULL,_binary '\0',NULL,1,4,'WvQBdo8Bqh496SUP5pP-','channel-31'),(1115,NULL,_binary '\0',NULL,1,2,'W_QCdo8Bqh496SUPGJM8','channel-31'),(1116,NULL,_binary '\0',NULL,1,4,'W_QCdo8Bqh496SUPGJM8','channel-31'),(1117,NULL,_binary '\0',NULL,1,2,'XPQXdo8Bqh496SUPh5Pf','channel-31'),(1118,NULL,_binary '\0',NULL,1,4,'XPQXdo8Bqh496SUPh5Pf','channel-31'),(1119,NULL,_binary '\0',NULL,1,2,'XfQXdo8Bqh496SUPrJOi','channel-31'),(1120,NULL,_binary '\0',NULL,1,4,'XfQXdo8Bqh496SUPrJOi','channel-31'),(1121,NULL,_binary '\0',NULL,1,2,'XvQXdo8Bqh496SUP55MJ','channel-31'),(1122,NULL,_binary '\0',NULL,1,4,'XvQXdo8Bqh496SUP55MJ','channel-31'),(1135,NULL,_binary '\0',NULL,1,2,'ZfQpdo8Bqh496SUP2JMw','channel-31'),(1136,NULL,_binary '\0',NULL,1,4,'ZfQpdo8Bqh496SUP2JMw','channel-31'),(1137,NULL,_binary '\0',NULL,1,2,'ZvQpdo8Bqh496SUP75Mq','channel-31'),(1138,NULL,_binary '\0',NULL,1,4,'ZvQpdo8Bqh496SUP75Mq','channel-31'),(1139,NULL,_binary '\0',NULL,1,2,'Z_ROdo8Bqh496SUPF5Nf','channel-31'),(1140,NULL,_binary '\0',NULL,1,4,'Z_ROdo8Bqh496SUPF5Nf','channel-31'),(1141,NULL,_binary '\0',NULL,1,2,'aPROdo8Bqh496SUPR5PV','channel-31'),(1142,NULL,_binary '\0',NULL,1,4,'aPROdo8Bqh496SUPR5PV','channel-31'),(1157,NULL,_binary '\0',NULL,1,2,'cPRYdo8Bqh496SUPD5PJ','channel-31'),(1158,NULL,_binary '\0',NULL,1,4,'cPRYdo8Bqh496SUPD5PJ','channel-31'),(1159,NULL,_binary '\0',NULL,1,2,'cfRYdo8Bqh496SUPS5Nn','channel-31'),(1160,NULL,_binary '\0',NULL,1,4,'cfRYdo8Bqh496SUPS5Nn','channel-31'),(1163,NULL,_binary '\0',NULL,1,2,'i_Sddo8Bqh496SUPpJNZ','channel-31'),(1164,NULL,_binary '\0',NULL,1,4,'i_Sddo8Bqh496SUPpJNZ','channel-31'),(1165,NULL,_binary '\0',NULL,1,2,'jPSddo8Bqh496SUP35N8','channel-31'),(1166,NULL,_binary '\0',NULL,1,4,'jPSddo8Bqh496SUP35N8','channel-31'),(1167,NULL,_binary '\0',NULL,1,2,'jfTWdo8Bqh496SUPmpOW','channel-31'),(1168,NULL,_binary '\0',NULL,1,4,'jfTWdo8Bqh496SUPmpOW','channel-31'),(1169,NULL,_binary '\0',NULL,1,2,'jvTXdo8Bqh496SUPCZPu','channel-31'),(1170,NULL,_binary '\0',NULL,1,4,'jvTXdo8Bqh496SUPCZPu','channel-31'),(1171,NULL,_binary '\0',NULL,1,2,'j_Tcdo8Bqh496SUPupOa','channel-31'),(1172,NULL,_binary '\0',NULL,1,4,'j_Tcdo8Bqh496SUPupOa','channel-31'),(1173,NULL,_binary '\0',NULL,1,2,'kPTddo8Bqh496SUPB5Mx','channel-31'),(1174,NULL,_binary '\0',NULL,1,4,'kPTddo8Bqh496SUPB5Mx','channel-31'),(1175,NULL,_binary '\0',NULL,1,2,'kfTido8Bqh496SUPQpPh','channel-31'),(1176,NULL,_binary '\0',NULL,1,4,'kfTido8Bqh496SUPQpPh','channel-31'),(1177,NULL,_binary '\0',NULL,1,2,'kvTido8Bqh496SUPe5Mf','channel-31'),(1178,NULL,_binary '\0',NULL,1,4,'kvTido8Bqh496SUPe5Mf','channel-31'),(1179,NULL,_binary '\0',NULL,1,2,'k_Trdo8Bqh496SUPg5OZ','channel-31'),(1180,NULL,_binary '\0',NULL,1,4,'k_Trdo8Bqh496SUPg5OZ','channel-31'),(1181,NULL,_binary '\0',NULL,1,2,'lPTrdo8Bqh496SUP_5Na','channel-31'),(1182,NULL,_binary '\0',NULL,1,4,'lPTrdo8Bqh496SUP_5Na','channel-31'),(1183,NULL,_binary '\0',NULL,1,2,'lfSDeY8Bqh496SUPJJPp','channel-31'),(1184,NULL,_binary '\0',NULL,1,4,'lfSDeY8Bqh496SUPJJPp','channel-31'),(1185,NULL,_binary '\0',NULL,1,2,'lvSDeY8Bqh496SUPc5Of','channel-31'),(1186,NULL,_binary '\0',NULL,1,4,'lvSDeY8Bqh496SUPc5Of','channel-31'),(1187,NULL,_binary '\0',NULL,1,2,'l_SIeY8Bqh496SUPeZNw','channel-31'),(1188,NULL,_binary '\0',NULL,1,4,'l_SIeY8Bqh496SUPeZNw','channel-31'),(1189,NULL,_binary '\0',NULL,1,2,'mPSIeY8Bqh496SUPppNr','channel-31'),(1190,NULL,_binary '\0',NULL,1,4,'mPSIeY8Bqh496SUPppNr','channel-31'),(1191,NULL,_binary '\0',NULL,1,2,'mfSQeY8Bqh496SUPFpO3','channel-31'),(1192,NULL,_binary '\0',NULL,1,4,'mfSQeY8Bqh496SUPFpO3','channel-31'),(1193,NULL,_binary '\0',NULL,1,2,'mvSQeY8Bqh496SUPT5N2','channel-31'),(1194,NULL,_binary '\0',NULL,1,4,'mvSQeY8Bqh496SUPT5N2','channel-31'),(1195,NULL,_binary '\0',NULL,1,2,'p_SkeY8Bqh496SUPNpNy','channel-31'),(1196,NULL,_binary '\0',NULL,1,4,'p_SkeY8Bqh496SUPNpNy','channel-31'),(1197,NULL,_binary '\0',NULL,1,2,'qPSkeY8Bqh496SUPb5Ml','channel-31'),(1198,NULL,_binary '\0',NULL,1,4,'qPSkeY8Bqh496SUPb5Ml','channel-31'),(1199,NULL,_binary '\0',NULL,1,2,'tfQ3eo8Bqh496SUP15M7','channel-31'),(1200,NULL,_binary '\0',NULL,1,4,'tfQ3eo8Bqh496SUP15M7','channel-31'),(1201,NULL,_binary '\0',NULL,1,2,'tvQ4eo8Bqh496SUPEJN-','channel-31'),(1202,NULL,_binary '\0',NULL,1,4,'tvQ4eo8Bqh496SUPEJN-','channel-31'),(1203,NULL,_binary '\0',NULL,1,2,'t_S0fo8Bqh496SUP6pPY','channel-31'),(1204,NULL,_binary '\0',NULL,1,4,'t_S0fo8Bqh496SUP6pPY','channel-31'),(1205,NULL,_binary '\0',NULL,1,2,'uPS1fo8Bqh496SUPAJOq','channel-31'),(1206,NULL,_binary '\0',NULL,1,4,'uPS1fo8Bqh496SUPAJOq','channel-31'),(1207,NULL,_binary '\0',NULL,1,2,'ufS4fo8Bqh496SUPWpMA','channel-31'),(1208,NULL,_binary '\0',NULL,1,4,'ufS4fo8Bqh496SUPWpMA','channel-31'),(1209,NULL,_binary '\0',NULL,1,2,'uvS4fo8Bqh496SUPt5MQ','channel-31'),(1210,NULL,_binary '\0',NULL,1,4,'uvS4fo8Bqh496SUPt5MQ','channel-31'),(1211,NULL,_binary '\0',NULL,1,2,'u_S-fo8Bqh496SUPI5O_','channel-31'),(1212,NULL,_binary '\0',NULL,1,4,'u_S-fo8Bqh496SUPI5O_','channel-31'),(1213,NULL,_binary '\0',NULL,1,2,'vPS-fo8Bqh496SUPeJM3','channel-31'),(1214,NULL,_binary '\0',NULL,1,4,'vPS-fo8Bqh496SUPeJM3','channel-31'),(1215,NULL,_binary '\0',NULL,1,2,'vfTGfo8Bqh496SUPy5OA','channel-31'),(1216,NULL,_binary '\0',NULL,1,4,'vfTGfo8Bqh496SUPy5OA','channel-31'),(1217,NULL,_binary '\0',NULL,1,2,'vvTHfo8Bqh496SUP25MI','channel-31'),(1218,NULL,_binary '\0',NULL,1,4,'vvTHfo8Bqh496SUP25MI','channel-31'),(1219,NULL,_binary '\0',NULL,1,2,'v_TKfo8Bqh496SUPgZOd','channel-31'),(1220,NULL,_binary '\0',NULL,1,4,'v_TKfo8Bqh496SUPgZOd','channel-31'),(1221,NULL,_binary '\0',NULL,1,2,'wPTKfo8Bqh496SUP4JNA','channel-31'),(1222,NULL,_binary '\0',NULL,1,4,'wPTKfo8Bqh496SUP4JNA','channel-31'),(1223,NULL,_binary '\0',NULL,1,2,'wfTTfo8Bqh496SUPbpOY','channel-31'),(1224,NULL,_binary '\0',NULL,1,4,'wfTTfo8Bqh496SUPbpOY','channel-31'),(1225,NULL,_binary '\0',NULL,1,2,'wvTTfo8Bqh496SUP6JMc','channel-31'),(1226,NULL,_binary '\0',NULL,1,4,'wvTTfo8Bqh496SUP6JMc','channel-31'),(1227,NULL,_binary '\0',NULL,1,2,'w_Tcfo8Bqh496SUPA5M_','channel-31'),(1228,NULL,_binary '\0',NULL,1,4,'w_Tcfo8Bqh496SUPA5M_','channel-31'),(1229,NULL,_binary '\0',NULL,1,2,'xPTcfo8Bqh496SUPRZNA','channel-31'),(1230,NULL,_binary '\0',NULL,1,4,'xPTcfo8Bqh496SUPRZNA','channel-31'),(1231,NULL,_binary '\0',NULL,1,2,'xfTnfo8Bqh496SUPAJOD','channel-31'),(1232,NULL,_binary '\0',NULL,1,4,'xfTnfo8Bqh496SUPAJOD','channel-31'),(1233,NULL,_binary '\0',NULL,1,2,'xvTnfo8Bqh496SUPI5NW','channel-31'),(1234,NULL,_binary '\0',NULL,1,4,'xvTnfo8Bqh496SUPI5NW','channel-31'),(1235,NULL,_binary '\0',NULL,1,2,'x_Tnfo8Bqh496SUPcJOt','channel-31'),(1236,NULL,_binary '\0',NULL,1,4,'x_Tnfo8Bqh496SUPcJOt','channel-31'),(1237,NULL,_binary '\0',NULL,1,2,'yPTvfo8Bqh496SUPC5MP','channel-31'),(1238,NULL,_binary '\0',NULL,1,4,'yPTvfo8Bqh496SUPC5MP','channel-31'),(1239,NULL,_binary '\0',NULL,1,2,'yfTvfo8Bqh496SUPTpMF','channel-31'),(1240,NULL,_binary '\0',NULL,1,4,'yfTvfo8Bqh496SUPTpMF','channel-31'),(1241,NULL,_binary '\0',NULL,1,2,'yvTxfo8Bqh496SUPUZM1','channel-31'),(1242,NULL,_binary '\0',NULL,1,4,'yvTxfo8Bqh496SUPUZM1','channel-31'),(1243,NULL,_binary '\0',NULL,1,2,'y_Txfo8Bqh496SUPlJMU','channel-31'),(1244,NULL,_binary '\0',NULL,1,4,'y_Txfo8Bqh496SUPlJMU','channel-31'),(1245,NULL,_binary '\0',NULL,1,2,'2PQWf48Bqh496SUPxpM-','channel-31'),(1246,NULL,_binary '\0',NULL,1,4,'2PQWf48Bqh496SUPxpM-','channel-31'),(1247,NULL,_binary '\0',NULL,1,2,'2fQXf48Bqh496SUPApNp','channel-31'),(1248,NULL,_binary '\0',NULL,1,4,'2fQXf48Bqh496SUPApNp','channel-31'),(1249,NULL,_binary '\0',NULL,1,2,'2vQyf48Bqh496SUPr5OQ','channel-31'),(1250,NULL,_binary '\0',NULL,1,4,'2vQyf48Bqh496SUPr5OQ','channel-31'),(1251,NULL,_binary '\0',NULL,1,2,'2_Qyf48Bqh496SUP7JO1','channel-31'),(1252,NULL,_binary '\0',NULL,1,4,'2_Qyf48Bqh496SUP7JO1','channel-31'),(1253,NULL,_binary '\0',NULL,1,2,'6PSBf48Bqh496SUPNZO7','channel-31'),(1254,NULL,_binary '\0',NULL,1,4,'6PSBf48Bqh496SUPNZO7','channel-31'),(1255,NULL,_binary '\0',NULL,1,2,'6fSBf48Bqh496SUPbpPM','channel-31'),(1256,NULL,_binary '\0',NULL,1,4,'6fSBf48Bqh496SUPbpPM','channel-31'),(1257,NULL,_binary '\0',NULL,1,2,'6vSfo48Bqh496SUPUZMl','channel-27'),(1258,NULL,_binary '\0',NULL,1,4,'6vSfo48Bqh496SUPUZMl','channel-27'),(1259,NULL,_binary '\0',NULL,1,5,'6vSfo48Bqh496SUPUZMl','channel-27'),(1260,NULL,_binary '\0',NULL,1,34,'6vSfo48Bqh496SUPUZMl','channel-27'),(1261,NULL,_binary '\0',NULL,1,35,'6vSfo48Bqh496SUPUZMl','channel-27'),(1262,NULL,_binary '\0',NULL,1,3,'6vSfo48Bqh496SUPUZMl','channel-27'),(1266,NULL,_binary '\0',NULL,1,2,'6_Sfo48Bqh496SUPtZNm','channel-31'),(1267,NULL,_binary '\0',NULL,1,4,'6_Sfo48Bqh496SUPtZNm','channel-31'),(1268,NULL,_binary '\0',NULL,1,2,'7PSfo48Bqh496SUP2pMU','channel-31'),(1269,NULL,_binary '\0',NULL,1,4,'7PSfo48Bqh496SUP2pMU','channel-31'),(1270,NULL,_binary '\0',NULL,1,2,'7fSgo48Bqh496SUPkpOZ','channel-31'),(1271,NULL,_binary '\0',NULL,1,4,'7fSgo48Bqh496SUPkpOZ','channel-31');
/*!40000 ALTER TABLE `user_notification` ENABLE KEYS */;
UNLOCK TABLES;

--
-- Table structure for table `workspace`
--

DROP TABLE IF EXISTS `workspace`;
/*!40101 SET @saved_cs_client     = @@character_set_client */;
/*!50503 SET character_set_client = utf8mb4 */;
CREATE TABLE `workspace` (
  `id` bigint NOT NULL AUTO_INCREMENT,
  `avatar` varchar(255) DEFAULT NULL,
  `created_at` datetime(6) DEFAULT NULL,
  `name` varchar(255) DEFAULT NULL,
  PRIMARY KEY (`id`)
) ENGINE=InnoDB AUTO_INCREMENT=22 DEFAULT CHARSET=utf8mb4 COLLATE=utf8mb4_0900_ai_ci;
/*!40101 SET character_set_client = @saved_cs_client */;

--
-- Dumping data for table `workspace`
--

LOCK TABLES `workspace` WRITE;
/*!40000 ALTER TABLE `workspace` DISABLE KEYS */;
INSERT INTO `workspace` VALUES (3,'fake_img.png','2024-04-25 17:20:23.344000','Refresh Morning'),(4,'/img/workspace_icon/avatar/workspaceAvatar-8912396218336692962.png','2024-04-27 14:05:57.390000','AppWorks School'),(5,'/img/workspace_icon/workspaceAvatar-7402589394891326344.png','2024-04-27 15:00:35.069000','KFC Club'),(6,'/img/workspace_icon/workspaceAvatar-7334118218187962409.png','2024-04-30 09:09:33.640000','KFC Club'),(9,'/img/workspace_icon/workspaceAvatar-4830586554368981509.png','2024-04-30 15:38:06.827000','Meta'),(10,'/img/workspace_icon/workspaceAvatar-7496195159563204610.png','2024-04-30 15:40:20.210000','Instagram'),(11,'/img/workspace_icon/workspaceAvatar-4665832780365378146.jpeg','2024-05-01 14:34:51.869000','Zack Company'),(12,'/img/workspace_icon/workspaceAvatar-8584640713015026612.png','2024-05-02 08:24:58.789000','AppWorks School'),(13,'/img/workspace_icon/workspaceAvatar-6845693944410850539.png','2024-05-02 09:50:34.484000','Twitter');
/*!40000 ALTER TABLE `workspace` ENABLE KEYS */;
UNLOCK TABLES;

--
-- Table structure for table `workspace_member`
--

DROP TABLE IF EXISTS `workspace_member`;
/*!40101 SET @saved_cs_client     = @@character_set_client */;
/*!50503 SET character_set_client = utf8mb4 */;
CREATE TABLE `workspace_member` (
  `id` bigint NOT NULL AUTO_INCREMENT,
  `is_creator` bit(1) DEFAULT NULL,
  `joined_at` datetime(6) DEFAULT NULL,
  `user_id` bigint NOT NULL,
  `workspace_id` bigint NOT NULL,
  PRIMARY KEY (`id`),
  KEY `FKraq2fklpuk1dobtn3n0nsf3xh` (`user_id`),
  KEY `FKqt5hp8najyhtbees6p095nn16` (`workspace_id`),
  CONSTRAINT `FKqt5hp8najyhtbees6p095nn16` FOREIGN KEY (`workspace_id`) REFERENCES `workspace` (`id`),
  CONSTRAINT `FKraq2fklpuk1dobtn3n0nsf3xh` FOREIGN KEY (`user_id`) REFERENCES `user` (`id`)
) ENGINE=InnoDB AUTO_INCREMENT=55 DEFAULT CHARSET=utf8mb4 COLLATE=utf8mb4_0900_ai_ci;
/*!40101 SET character_set_client = @saved_cs_client */;

--
-- Dumping data for table `workspace_member`
--

LOCK TABLES `workspace_member` WRITE;
/*!40000 ALTER TABLE `workspace_member` DISABLE KEYS */;
INSERT INTO `workspace_member` VALUES (12,_binary '','2024-04-30 15:38:08.188000',3,9),(13,_binary '','2024-04-30 15:40:21.341000',3,10),(16,_binary '','2024-05-02 08:25:00.228000',2,12),(18,_binary '\0','2024-05-02 08:56:23.573000',4,12),(19,_binary '\0','2024-05-02 08:58:09.868000',5,12),(20,_binary '','2024-05-02 09:50:36.117000',2,13),(21,_binary '\0','2024-05-06 12:17:28.556000',26,9),(22,_binary '\0','2024-05-06 12:18:15.304000',27,9),(23,_binary '\0','2024-05-06 12:18:20.658000',28,9),(24,_binary '\0','2024-05-06 12:18:24.522000',29,9),(25,_binary '\0','2024-05-06 12:18:29.688000',30,9),(26,_binary '\0','2024-05-06 12:18:34.948000',31,9),(27,_binary '\0','2024-05-06 12:19:35.655000',28,10),(28,_binary '\0','2024-05-06 12:19:49.339000',32,10),(29,_binary '\0','2024-05-06 12:19:53.502000',33,10),(30,_binary '\0','2024-05-06 12:20:17.319000',34,12),(31,_binary '\0','2024-05-06 12:20:34.097000',35,12),(32,_binary '\0','2024-05-06 12:20:38.389000',36,12),(33,_binary '\0','2024-05-06 12:20:42.032000',37,12),(34,_binary '\0','2024-05-06 12:20:49.840000',38,12),(35,_binary '\0','2024-05-06 12:20:53.746000',39,12),(36,_binary '\0','2024-05-06 12:20:58.282000',40,12),(37,_binary '\0','2024-05-06 12:21:10.577000',41,13),(38,_binary '\0','2024-05-06 12:21:14.335000',42,13),(39,_binary '\0','2024-05-06 12:21:17.845000',43,13),(40,_binary '\0','2024-05-06 12:21:21.386000',44,13),(41,_binary '\0','2024-05-06 12:21:25.553000',45,13),(42,_binary '\0','2024-05-06 12:44:07.144000',2,9),(43,_binary '\0','2024-05-06 19:39:07.055000',3,12);
/*!40000 ALTER TABLE `workspace_member` ENABLE KEYS */;
UNLOCK TABLES;
/*!40103 SET TIME_ZONE=@OLD_TIME_ZONE */;

/*!40101 SET SQL_MODE=@OLD_SQL_MODE */;
/*!40014 SET FOREIGN_KEY_CHECKS=@OLD_FOREIGN_KEY_CHECKS */;
/*!40014 SET UNIQUE_CHECKS=@OLD_UNIQUE_CHECKS */;
/*!40101 SET CHARACTER_SET_CLIENT=@OLD_CHARACTER_SET_CLIENT */;
/*!40101 SET CHARACTER_SET_RESULTS=@OLD_CHARACTER_SET_RESULTS */;
/*!40101 SET COLLATION_CONNECTION=@OLD_COLLATION_CONNECTION */;
/*!40111 SET SQL_NOTES=@OLD_SQL_NOTES */;

-- Dump completed on 2025-03-11 17:42:54
